0,1,2,3,4,5,6,7,8,9,10,11,12,13,14,15,16,17,18,19
0.687107,0.34653765,0.49784374,0.28847146,0.011978865,0.107836545,0.6127481,0.40676588,0.47493565,0.7391634,0.08367294,0.26236302,0.8456852,0.4058805,0.27758604,0.8656726,0.546025,0.9264347,0.9109271,0.2808512
0.5048945,0.48140126,0.6278299,0.3643338,0.9610807,0.188573,0.618221,0.45652115,0.39674312,0.46967316,0.8571828,0.57034975,0.8234948,0.58677524,0.5172831,0.45234752,0.49065942,0.95416355,0.29414982,0.25864446
0.43162245,0.46568817,0.5152225,0.021146059,0.6202563,0.0919593,0.20424098,0.14733249,0.29348302,0.5357486,0.66463345,0.5934612,0.08818346,0.69164973,0.45948523,0.17544872,0.9924418,0.6392112,0.18441516,0.3131582
0.016269743,0.23932433,0.30320185,0.72861683,0.06774688,0.94826573,0.14174926,0.62381816,0.14162356,0.24051672,0.38155752,0.88825345,0.47670907,0.8793452,0.2799201,0.053333104,0.7506314,0.8825755,0.714279,0.96145755
0.72727835,0.88192046,0.08729911,0.82647043,0.061988354,0.1196987,0.81704056,0.65493536,0.03284192,0.5893028,0.33372867,0.6090301,0.71732825,0.102379024,0.6545679,0.62653476,0.23998195,0.0887326,0.24561507,0.54727274
0.2639748,0.19277894,0.26911807,0.1727109,0.56890965,0.54665214,0.66219246,0.43539107,0.4555167,0.8262869,0.9045473,0.89151347,0.19022948,0.50088733,0.79950666,0.8192576,0.9942058,0.85928243,0.1811704,0.33138764
0.47848362,0.55294573,0.8765966,0.76336056,0.7315725,0.52098817,0.13526893,0.6772438,0.4750238,0.9333267,0.6528744,0.80449504,0.34587818,0.16050339,0.398179,0.65199846,0.09515566,0.5174776,0.27714634,0.16049099
0.77897155,0.23424548,0.842561,0.91841704,0.32022804,0.17069262,0.72771686,0.5201521,0.9427812,0.6723646,0.8658302,0.7935483,0.18865705,0.8829327,0.124367535,0.38654566,0.52104497,0.8328396,0.03844911,0.3360653
0.51684886,0.06366533,0.46190387,0.35122472,0.7042837,0.15533578,0.49326622,0.04393649,0.90328985,0.03364849,0.72149825,0.105575204,0.11430508,0.25763524,0.967731,0.062421918,0.9241295,0.15408474,0.63712573,0.7513227
0.19632554,0.30339873,0.108495235,0.767761,0.3595333,0.48482907,0.38984948,0.44329304,0.079998255,0.23150212,0.7907066,0.496961,0.3505774,0.9405029,0.012891889,0.5267697,0.6340138,0.5157275,0.97267354,0.1921556
0.06044054,0.45376694,0.5963307,0.02057743,0.65805477,0.9336185,0.09233135,0.6857373,0.8862791,0.19747704,0.18222666,0.17656791,0.46078205,0.2303775,0.1295712,0.5398318,0.38208687,0.0782817,0.3012349,0.82623076
0.62302023,0.05634457,0.14101708,0.30309188,0.37351197,0.648186,0.15003312,0.18809628,0.093380034,0.4554988,0.7794717,0.4449131,0.4168327,0.30335623,0.2195862,0.966229,0.8488967,0.4441288,0.74029624,0.27326542
0.08486819,0.2600423,0.6528173,0.7756535,0.22485536,0.6103284,0.2949832,0.8625061,0.12078118,0.059487283,0.39122564,0.35232168,0.7387586,0.17094421,0.80878365,0.2552501,0.44776756,0.5928116,0.10603553,0.60958683
0.40039176,0.89153546,0.9338981,0.6851264,0.3007446,0.4831807,0.24235511,0.029078782,0.88304996,0.41815126,0.041297257,0.76108116,0.74773884,0.3540799,0.77385634,0.57190263,0.92079186,0.19987273,0.41612405,0.13475537
0.6822138,0.5383861,0.2481013,0.88524413,0.10464388,0.51737034,0.5056407,0.25938702,0.73261535,0.91691595,0.28443736,0.123891115,0.4077438,0.5955351,0.9029073,0.83057827,0.1302706,0.59452033,0.8962998,0.8737719
0.5990767,0.5629881,0.9597104,0.69667596,0.2354073,0.78665614,0.75844616,0.3943689,0.09669495,0.82684416,0.5318837,0.47680265,0.18326426,0.78117543,0.9220241,0.510741,0.7153185,0.08181238,0.14168274,0.55914015
0.48565775,0.20545572,0.6344554,0.20523196,0.78010494,0.6364786,0.60463256,0.81397355,0.9133922,0.42121154,0.74097914,0.7571863,0.37903202,0.82017493,0.6376167,0.47200674,0.35260946,0.59987974,0.93778133,0.36385936
0.9556553,0.77588195,0.9490079,0.9986024,0.44072008,0.9808697,0.1705231,0.7204279,0.84698075,0.7767989,0.55423015,0.57856023,0.5794516,0.48544496,0.057476282,0.44163966,0.28676844,0.2505176,0.13080448,0.34201288
0.593015,0.37038845,0.20989215,0.7370207,0.24637288,0.30978876,0.9942287,0.3357396,0.060592353,0.7578137,0.7233848,0.89079446,0.6161658,0.9144004,0.016397238,0.24628186,0.07219046,0.6224819,0.69971025,0.20173174
0.87346786,0.5457195,0.28561628,0.35613328,0.07367015,0.98330694,0.1260187,0.7371396,0.6096225,0.46897775,0.37160516,0.35657012,0.46247923,0.58791333,0.8342362,0.6556171,0.54177207,0.5160988,0.81191105,0.30822212
0.86864567,0.9746471,0.5950854,0.45993805,0.8622114,0.29426944,0.8917435,0.30766463,0.2868318,0.3269087,0.051748395,0.47848696,0.9267903,0.90456176,0.60521686,0.0578416,0.66086483,0.6642824,0.62112993,0.10901874
0.85486597,0.5365614,0.6197387,0.9244524,0.5177374,0.56522393,0.8098664,0.44829232,0.5783327,0.8667048,0.28568465,0.56,0.0931927,0.9662075,0.94765705,0.66537815,0.48600614,0.64601755,0.4044376,0.8086537
0.35709482,0.23577046,0.301279,0.9800919,0.114304125,0.075562716,0.59725094,0.8656291,0.90984374,0.58636343,0.026682913,0.099359035,0.2949053,0.6811894,0.28992248,0.2783442,0.06354946,0.53380144,0.873255,0.04203993
0.6778757,0.059495807,0.6882916,0.52937764,0.04053825,0.05280453,0.2094326,0.5297617,0.2310192,0.1694817,0.15969324,0.1333093,0.30407292,0.4933145,0.3457026,0.4940498,0.10465354,0.41554737,0.465353,0.38126856
0.9729195,0.35869884,0.46904296,0.5760991,0.9866766,0.97597295,0.72628766,0.2682625,0.10000336,0.93076247,0.47070414,0.5764568,0.6942407,0.2666042,0.34164792,0.6292855,0.3684156,0.02311784,0.78754723,0.9868414
0.79465824,0.9608724,0.7191314,0.6323477,0.16246837,0.76230806,0.9022665,0.25801808,0.8939132,0.96414125,0.15621626,0.9098241,0.7691513,0.84312004,0.7949713,0.42920136,0.66011894,0.3609981,0.3706076,0.5336012
0.39907664,0.5868796,0.0643062,0.71408236,0.6888217,0.39500493,0.12130499,0.40353763,0.642395,0.63268393,0.29385775,0.4671613,0.3625648,0.7730466,0.18921733,0.82223487,0.4422565,0.45089883,0.62814516,0.41124845
0.8342647,0.8033398,0.7322814,0.3863148,0.897997,0.2990551,0.16448706,0.62891346,0.96996003,0.9946026,0.5183157,0.21168703,0.44412482,0.38803762,0.036823034,0.09885877,0.5712883,0.553817,0.30068743,0.8013566
0.7855578,0.4967029,0.48473948,0.10554272,0.05124253,0.905661,0.34868163,0.14547426,0.9346101,0.2350738,0.48451477,0.56677276,0.49212474,0.38333428,0.99407125,0.86318326,0.59283054,0.4449622,0.19396782,0.6099123
0.677423,0.04236251,0.65523976,0.44068187,0.61939573,0.7196775,0.3664394,0.8027827,0.7475732,0.41773498,0.65159065,0.8809933,0.96722263,0.93143606,0.031510115,0.42590666,0.27206224,0.4295597,0.28094566,0.88039666
0.7955428,0.56214285,0.7095835,0.248496,0.30426127,0.22008997,0.60062665,0.658198,0.5265619,0.027820468,0.72180295,0.32535398,0.20853835,0.5699268,0.5907046,0.9280368,0.92599946,0.6066936,0.7076209,0.64753705
0.061403036,0.6430147,0.6017492,0.3756544,0.41915542,0.69302076,0.6853193,0.3386147,0.076373994,0.3605309,0.43201327,0.8549188,0.94034666,0.033708513,0.84602,0.19340956,0.3687516,0.15872496,0.8746539,0.17685008
0.10649818,0.6998164,0.17253083,0.8956485,0.4597301,0.56261367,0.038909674,0.32476586,0.42131096,0.81833494,0.13409942,0.58373654,0.85085446,0.3012514,0.19210017,0.54324955,0.92551535,0.4495417,0.2291801,0.2199375
0.24397874,0.8755527,0.49224514,0.45271719,0.9319305,0.48228842,0.84042996,0.22846538,0.6231277,0.7346089,0.41620523,0.9530812,0.38262463,0.37460905,0.31682432,0.4552188,0.76971406,0.8727112,0.3354414,0.20663011
0.77392226,0.13613564,0.695867,0.7100567,0.3844226,0.39573967,0.8172374,0.6928086,0.7367363,0.45680678,0.58488196,0.7112467,0.8668234,0.7226953,0.4413941,0.6897255,0.9822104,0.037084818,0.45277047,0.14190495
0.10687709,0.09759557,0.7384057,0.45536864,0.9424652,0.25109965,0.58865494,0.24782014,0.29632366,0.8056643,0.30050588,0.62423164,0.6349639,0.32570183,0.22346145,0.583516,0.25857317,0.29445314,0.34782463,0.28679854
0.5734313,0.67533094,0.518057,0.15447849,0.2540074,0.4566614,0.19047648,0.18164408,0.82429826,0.7533806,0.5622158,0.29789197,0.3046705,0.2318334,0.8762045,0.49137205,0.47043413,0.7250695,0.81321716,0.36593258
0.17229682,0.81384087,0.11176461,0.5175619,0.6210701,0.46635115,0.91096467,0.5851423,0.18549275,0.72523725,0.90005815,0.3362916,0.79840064,0.74808925,0.24804688,0.4739704,0.30971414,0.20540756,0.8186369,0.9243629
0.62312794,0.1820451,0.14486247,0.7907286,0.27312756,0.36227947,0.36465055,0.22939086,0.34487605,0.4448979,0.5689846,0.15860796,0.6657189,0.54282796,0.8304081,0.9860058,0.7040396,0.83118904,0.7230933,0.108826816
0.9166037,0.9497402,0.68374395,0.81503296,0.36734217,0.27950835,0.006488979,0.038933158,0.17201602,0.46973538,0.9280674,0.47086108,0.031019628,0.87972474,0.09349245,0.55707234,0.77098477,0.13774425,0.60630786,0.8134496
0.28949314,0.6519165,0.3908689,0.011791587,0.7679731,0.36239034,0.27883947,0.83691007,0.07717401,0.0802052,0.60002,0.088525414,0.41632307,0.086508036,0.3142991,0.99769205,0.04382938,0.41757667,0.104775965,0.4036352
0.1552419,0.2890216,0.3685735,0.15577,0.6619205,0.2919587,0.4392476,0.18181026,0.980926,0.36875528,0.2657047,0.73795944,0.4759962,0.45655638,0.09303135,0.03326887,0.92867136,0.091015875,0.63997406,0.30285156
0.6313413,0.70293367,0.53764284,0.25671893,0.936819,0.76335365,0.71211284,0.67438763,0.9585056,0.3778938,0.41365075,0.85083455,0.9776894,0.936661,0.62833256,0.9836472,0.6118045,0.7388029,0.67156374,0.09873456
0.10061324,0.05473715,0.57601297,0.33017296,0.4769892,0.51752037,0.6716729,0.5145679,0.9696745,0.41044855,0.59306806,0.55165535,0.6756035,0.69045734,0.067985535,0.30604094,0.027211547,0.9782891,0.86543757,0.8309368
0.6475215,0.75554264,0.36754322,0.6019975,0.27832687,0.3337261,0.9548324,0.9987006,0.7934251,0.5966748,0.7916352,0.5849622,0.84435594,0.12181294,0.11548936,0.12827235,0.6267398,0.3363005,0.25401956,0.9503867
0.39799964,0.48321372,0.4414057,0.423661,0.8468212,0.1842277,0.7557459,0.5877348,0.7473911,0.010843158,0.5265767,0.09203291,0.42334825,0.26843905,0.3647167,0.6880162,0.34885436,0.07531506,0.58450866,0.5027263
0.19293785,0.86500645,0.59928757,0.01539433,0.44092172,0.6374781,0.7272643,0.6143127,0.06820649,0.11188805,0.33566093,0.047996163,0.2505496,0.6282243,0.8124027,0.56782436,0.67412055,0.8528847,0.49967545,0.4577495
0.83512187,0.7597751,0.9124569,0.58310366,0.6600933,0.3978051,0.99624825,0.37583894,0.09215772,0.40093708,0.18284929,0.5303824,0.045598626,0.82732487,0.12855834,0.05958718,0.24051088,0.47710258,0.86132586,0.028472722
0.5591471,0.5757109,0.28838068,0.3562641,0.64481586,0.84607327,0.896172,0.7457162,0.14075899,0.6156256,0.49383557,0.8264946,0.41516972,0.04297018,0.13416421,0.43903786,0.15559202,0.56107366,0.81000054,0.5187523
0.16732764,0.94476014,0.3355115,0.121117115,0.50790757,0.65911853,0.6085085,0.11313981,0.9867476,0.48299545,0.8831575,0.8607203,0.5678149,0.647288,0.011112392,0.248501,0.31920546,0.049998462,0.82468194,0.264768
0.21691793,0.4328333,0.2790447,0.29681963,0.6885188,0.70724607,0.4679458,0.38196826,0.287237,0.80898505,0.07495457,0.2787577,0.53314394,0.33504236,0.72777116,0.35176134,0.14642042,0.560966,0.4061548,0.38031286
0.6328374,0.90871257,0.89354575,0.8878665,0.53654796,0.603783,0.3969726,0.043972194,0.24846417,0.15090555,0.7702131,0.37286824,0.12517244,0.38212198,0.96363044,0.11283171,0.9447206,0.35465938,0.42488474,0.78178424
0.7444767,0.16329443,0.34734762,0.8821192,0.23723459,0.27114946,0.18998665,0.9544827,0.6623093,0.7797221,0.07950044,0.25386333,0.24346775,0.7285959,0.6428766,0.5096492,0.708233,0.93282646,0.22671366,0.86866754
0.5138543,0.07788843,0.8358268,0.58155036,0.45787358,0.23480356,0.60707533,0.29734474,0.70311683,0.1898548,0.090979815,0.2685362,0.2769209,0.18335438,0.80919623,0.77602094,0.57530314,0.5717652,0.8520343,0.6238372
0.66163576,0.08097708,0.19960046,0.9669456,0.17838442,0.4574052,0.0835011,0.13168323,0.8927778,0.65417504,0.7806788,0.42650157,0.07399392,0.2800147,0.28860903,0.6426938,0.546865,0.20300233,0.31846797,0.7051767
0.8430526,0.74924976,0.3808244,0.5025788,0.6433418,0.93986964,0.9913603,0.49252242,0.43595147,0.3701015,0.25190264,0.93226707,0.17941093,0.01279062,0.014530778,0.7840137,0.023387372,0.36156482,0.106741846,0.051295638
0.19222295,0.8069312,0.765505,0.022436678,0.6691892,0.72332543,0.35769367,0.46967405,0.7632768,0.7422071,0.43520117,0.8191437,0.024379909,0.59127694,0.47015864,0.9794451,0.10615498,0.10258645,0.82008547,0.5803666
0.9262492,0.14253926,0.94232357,0.14077038,0.0762499,0.82766914,0.16159749,0.527755,0.6077008,0.899251,0.4425934,0.10392672,0.11626184,0.5451695,0.95507747,0.48762918,0.029917955,0.78161705,0.8460809,0.30480176
0.9141997,0.76161146,0.46344268,0.014049351,0.8808807,0.5569017,0.2371105,0.92506635,0.56587136,0.3469624,0.38157254,0.16621166,0.2379725,0.75925946,0.7163548,0.40491533,0.12614977,0.30098253,0.73221296,0.7284157
0.106779695,0.20006907,0.55254656,0.73166174,0.5486226,0.9266267,0.2503096,0.09496236,0.022743225,0.7650895,0.43453062,0.7046924,0.6122886,0.5380734,0.33612108,0.18861926,0.8308298,0.36219633,0.7814307,0.46076548
0.9416373,0.5775478,0.20916325,0.565645,0.7753676,0.82529145,0.3864197,0.15949744,0.31799883,0.084603965,0.9286666,0.6105552,0.16766763,0.9452712,0.6681753,0.82460356,0.9647315,0.5342126,0.6142312,0.9653095
0.49624062,0.88935643,0.43821108,0.8194501,0.6758083,0.6106275,0.8820061,0.3172869,0.15803128,0.7391629,0.5718937,0.119307876,0.35919094,0.37361306,0.6173464,0.39271325,0.07235694,0.17056942,0.23309714,0.046705484
0.68599993,0.8775542,0.21041447,0.9766253,0.895032,0.48184204,0.13571423,0.8781393,0.43642008,0.608698,0.8421142,0.3875119,0.76646537,0.6168858,0.20329362,0.079767406,0.6551848,0.3230918,0.03516507,0.49896002
0.9442238,0.8845049,0.90141666,0.9465817,0.8840194,0.3875454,0.61402124,0.39955813,0.05004549,0.60654694,0.54990226,0.9724384,0.82908684,0.94938666,0.7797244,0.19457066,0.67460704,0.93097544,0.6948742,0.4767896
0.7662148,0.3194034,0.7140439,0.87501156,0.6303261,0.043135166,0.7120591,0.89800155,0.31694221,0.42498535,0.959642,0.9475689,0.73469037,0.8791856,0.096404195,0.64440244,0.4602728,0.39070463,0.9071156,0.28810912
0.6387711,0.7579824,0.50329226,0.46609986,0.1605221,0.9337079,0.65879595,0.23007137,0.32996267,0.31590617,0.5686825,0.19803107,0.5539912,0.69837797,0.40878248,0.627764,0.77366096,0.4992873,0.99814814,0.08862311
0.12624937,0.38143772,0.3074528,0.29622865,0.57100433,0.78845894,0.95197177,0.36951506,0.7201994,0.4861533,0.43458456,0.085131586,0.90898424,0.1991831,0.7569483,0.4528737,0.6719831,0.7375838,0.28764123,0.37959093
0.9715984,0.33548313,0.60246,0.98151404,0.99811363,0.24546325,0.46738428,0.06298441,0.046695054,0.35725415,0.19205028,0.082561195,0.80635595,0.35029554,0.45649332,0.9542389,0.05590415,0.63615835,0.3871824,0.11620021
0.6676541,0.51063895,0.27546537,0.76626927,0.97260284,0.3646199,0.9649764,0.17731768,0.87754714,0.2269252,0.14815354,0.8945154,0.5834306,0.026156485,0.53883636,0.23684537,0.5689636,0.08502883,0.33829618,0.37145
0.46063852,0.02228421,0.9683359,0.051653683,0.75991064,0.80989224,0.41961032,0.878268,0.561692,0.0925833,0.9027636,0.73522884,0.56900537,0.55059505,0.71548605,0.7541006,0.6442534,0.5188168,0.21241903,0.86787957
0.32027078,0.01674503,0.96658933,0.36190152,0.114801645,0.7292608,0.9097988,0.7304969,0.023610592,0.3444965,0.70540893,0.66768944,0.22405958,0.19941777,0.072734654,0.38534755,0.13131088,0.5526196,0.3808055,0.18578231
0.6452958,0.14790869,0.2801653,0.6637407,0.17818153,0.26950455,0.059481084,0.95876765,0.8528377,0.30768043,0.7651584,0.2586385,0.3320372,0.33362275,0.9011678,0.36977834,0.06715983,0.30923122,0.33626956,0.05553621
0.9529343,0.9005716,0.71417403,0.7113327,0.087262094,0.32223225,0.036797583,0.6918297,0.9861105,0.37269753,0.94455105,0.9483617,0.7062074,0.4309631,0.49333376,0.58755714,0.14719921,0.4531632,0.607503,0.26802772
0.3301121,0.028188348,0.41664785,0.9100087,0.57706606,0.37511426,0.07209778,0.8175428,0.04829532,0.09941757,0.6395779,0.34441602,0.6723448,0.82543135,0.7378424,0.578432,0.005635917,0.7940715,0.104537785,0.9897014
0.17999989,0.78232974,0.07637334,0.06061864,0.19609195,0.18175721,0.562679,0.83023036,0.95743775,0.84847474,0.5635254,0.7357728,0.17151105,0.0813241,0.27894813,0.95601165,0.8201282,0.5036629,0.8829826,0.5392316
0.88808715,0.46964985,0.6965476,0.8131291,0.2515152,0.4920668,0.1388349,0.16642588,0.062111914,0.8104485,0.4316417,0.72248876,0.47924572,0.8169811,0.57487744,0.09705895,0.96897316,0.96513754,0.2732479,0.94775814
0.17672843,0.090981424,0.5641895,0.5528362,0.6472009,0.6473306,0.7288295,0.8690576,0.63037777,0.78228766,0.3458771,0.88055354,0.12928051,0.5402998,0.7035012,0.5602027,0.27946097,0.2252357,0.43209845,0.87237567
0.6322139,0.6492552,0.3984505,0.99190694,0.30445844,0.42967469,0.33216858,0.43851686,0.12052959,0.6796137,0.3130644,0.44618374,0.9411224,0.4539656,0.3939433,0.24634492,0.9883723,0.8704802,0.25158405,0.7449591
0.2746843,0.88583076,0.13445443,0.4168641,0.012586236,0.5003695,0.5739549,0.43317103,0.008009374,0.041144907,0.026619315,0.70330065,0.10168135,0.8521101,0.4712109,0.63291854,0.20187247,0.35458916,0.6607581,0.37894738
0.7226103,0.023441076,0.7696721,0.62797,0.03188485,0.19553751,0.88655096,0.012762785,0.9302323,0.91818154,0.50933063,0.9723072,0.27496845,0.96532625,0.051669657,0.12643349,0.7577814,0.85923123,0.42135042,0.6697659
0.9779451,0.75635463,0.64577675,0.8374287,0.93279624,0.32670188,0.118362844,0.38478088,0.8795119,0.038517177,0.5485565,0.21360755,0.2913053,0.637008,0.19446123,0.3354116,0.59125966,0.5472812,0.689765,0.7503386
0.09914732,0.030288875,0.07738745,0.9413094,0.007984042,0.6565038,0.45724094,0.19429255,0.83240163,0.85406715,0.48661703,0.40291524,0.12562531,0.4613024,0.2546512,0.30175138,0.57399553,0.8206512,0.8320796,0.9786956
0.19012105,0.8726446,0.6225113,0.17709494,0.9971472,0.86445796,0.9923912,0.65194035,0.4795379,0.14231497,0.70123327,0.87130886,0.6854291,0.35334176,0.88331497,0.96375763,0.091501236,0.61398804,0.25242692,0.25925142
0.09410566,0.4922458,0.61188143,0.98474574,0.39043593,0.3498345,0.8003747,0.5446208,0.3798496,0.88581777,0.096910894,0.94965976,0.43448073,0.035183012,0.5667014,0.9318278,0.19189966,0.58463836,0.7769665,0.5423443
0.06414604,0.021655738,0.41936862,0.80696297,0.023581088,0.64448845,0.5741509,0.9922774,0.10446882,0.6008041,0.18442535,0.5455508,0.20733303,0.5398554,0.5726304,0.83801883,0.35175627,0.0032810569,0.95268404,0.9654054
0.23542088,0.49441737,0.86342156,0.33243233,0.11565864,0.6754225,0.8933099,0.20594352,0.727325,0.22132486,0.28168666,0.51207817,0.2669797,0.39898294,0.575897,0.265841,0.73090696,0.37303376,0.39397013,0.10250038
0.83984065,0.74866474,0.31555998,0.58712965,0.21360707,0.95485854,0.43881387,0.03919065,0.109899044,0.77392554,0.7959024,0.1766901,0.5462168,0.17205554,0.95832676,0.4318288,0.005994916,0.028172314,0.34260243,0.16720194
0.77163374,0.15129387,0.50458187,0.15832049,0.10092634,0.9056336,0.34509236,0.71974874,0.43344373,0.4244216,0.124090195,0.7614204,0.50673574,0.8144703,0.87158674,0.8437528,0.55615216,0.68830794,0.11185509,0.8987217
0.53276014,0.5753916,0.4625479,0.5975718,0.674869,0.45132816,0.1397506,0.19512582,0.7613318,0.031796873,0.57525325,0.3807698,0.660744,0.3825782,0.67939764,0.17117757,0.9199408,0.008728802,0.24092567,0.46231252
0.010509312,0.5006591,0.3572421,0.72295636,0.13349867,0.059661508,0.032555997,0.42023957,0.90962523,0.52502763,0.046112835,0.13971806,0.69654006,0.6055396,0.6333236,0.79823786,0.42650384,0.5663776,0.14879262,0.42272556
0.13733321,0.19734836,0.050161123,0.15408283,0.6321692,0.038142204,0.7142338,0.026235998,0.5883685,0.6372461,0.26162368,0.07350713,0.2590412,0.93734294,0.2984231,0.59143066,0.7376233,0.23571199,0.5717006,0.79328805
0.92693144,0.21342343,0.36028808,0.2156052,0.71702206,0.39921987,0.26066065,0.80406946,0.22595012,0.29401994,0.2652508,0.663992,0.23504496,0.21583492,0.29789525,0.021346033,0.7341822,0.51430136,0.42995524,0.07060903
0.041939914,0.44391614,0.4458502,0.28024483,0.8165695,0.42240983,0.329929,0.33168584,0.7267492,0.5772407,0.18612337,0.84805983,0.7206991,0.17680037,0.22915566,0.1174916,0.795905,0.60353374,0.1365841,0.56468594
0.15678078,0.19636726,0.5463804,0.73722935,0.5660041,0.94745207,0.5546745,0.9058999,0.65768766,0.82798266,0.8811283,0.34098583,0.024856746,0.703697,0.81030434,0.48925817,0.31401795,0.55477333,0.51647353,0.9168199
0.35542738,0.06976277,0.0927639,0.10816848,0.58484936,0.90957475,0.9261579,0.3615231,0.8093346,0.7951023,0.9035014,0.15660107,0.7606321,0.42994076,0.5876046,0.5469984,0.13121337,0.78725624,0.52782655,0.9699282
0.6870942,0.24334806,0.7854191,0.7028725,0.67510265,0.23498607,0.526141,0.83672774,0.97657686,0.106187105,0.81813884,0.23462796,0.1084649,0.39424753,0.710908,0.498789,0.63092136,0.077848196,0.05865115,0.035390317
0.56116575,0.39327937,0.011418343,0.19429952,0.1872924,0.34968382,0.5537046,0.12018174,0.088196754,0.17731225,0.579056,0.35848057,0.9145175,0.14103514,0.9955648,0.7736197,0.7422534,0.19518805,0.33584142,0.06191784
0.4020875,0.29540658,0.75600636,0.57493246,0.15935552,0.43097526,0.8644402,0.28757203,0.88043267,0.073058784,0.24389297,0.12108368,0.9336176,0.816052,0.3409279,0.022315145,0.579992,0.09330428,0.24220413,0.291547
0.87078965,0.98600245,0.7071934,0.5249979,0.22400647,0.592125,0.15692139,0.27761108,0.52350825,0.8022754,0.7999566,0.902073,0.9788379,0.3390602,0.8138938,0.9838826,0.21348077,0.3979482,0.15645778,0.40006828
0.8724001,0.034546316,0.2240941,0.67489773,0.35968053,0.97238225,0.70392895,0.17523617,0.11160326,0.6294985,0.4073404,0.65035576,0.62917364,0.07102251,0.66625816,0.0070126653,0.68487775,0.8315789,0.46653843,0.26286554
0.046438992,0.04934174,0.324207,0.8811292,0.8230121,0.41279042,0.01418823,0.28963077,0.12676084,0.72784317,0.29870963,0.73693895,0.9681017,0.78693104,0.8676354,0.46096498,0.6695219,0.9892832,0.28107297,0.62480736
0.6960473,0.1387136,0.07051563,0.25653028,0.7647166,0.6006396,0.15602517,0.4367184,0.86732876,0.88609046,0.5944865,0.1056478,0.8188111,0.54483986,0.90529364,0.44103014,0.48445237,0.87601995,0.39755613,0.09338164
0.11446029,0.36285788,0.6816018,0.59393984,0.19772649,0.91556656,0.40647393,0.9349581,0.6450566,0.48980355,0.4525727,0.98390406,0.7123857,0.0078067183,0.5516967,0.5593936,0.31313175,0.2580428,0.70467,0.28282446
0.50828713,0.07224661,0.6596281,0.44735098,0.9833649,0.12938923,0.62927854,0.9615269,0.7642967,0.67770064,0.014330745,0.3223588,0.8156569,0.66454494,0.71764094,0.58858544,0.29960215,0.51087016,0.62456006,0.55818325
0.55361015,0.6156736,0.29224974,0.71585554,0.3544848,0.7471214,0.21838737,0.06705195,0.2366519,0.108439445,0.35846734,0.8907105,0.43030232,0.43108332,0.38298023,0.36884052,0.13061845,0.36842817,0.7994296,0.43509084
0.58114135,0.6937361,0.6229077,0.11960745,0.9825771,0.024807751,0.74104226,0.83488685,0.40655094,0.58336294,0.0029420257,0.28517026,0.873921,0.8834252,0.1784516,0.96143126,0.34730154,0.4125771,0.007780552,0.5783415
0.6351884,0.12576121,0.046791375,0.1594612,0.17422545,0.69170225,0.7859762,0.5419969,0.113375306,0.09966451,0.11236447,0.3957212,0.44298983,0.23307836,0.5843949,0.06903082,0.7796716,0.79565316,0.51035476,0.23926854
0.06392926,0.8957026,0.9031306,0.08132124,0.9782087,0.33482277,0.10575849,0.2893858,0.16119432,0.90271556,0.9339809,0.8166021,0.97474957,0.65560365,0.7841206,0.33290142,0.90839124,0.4336753,0.07117796,0.47793907
0.3150099,0.5000885,0.5982774,0.30456495,0.655306,0.56804734,0.51227635,0.1505925,0.67571527,0.797301,0.073455036,0.6889196,0.62869966,0.9275596,0.453462,0.7519725,0.31509292,0.19462389,0.011633217,0.28514826
0.52865475,0.3717565,0.07231629,0.9611845,0.048431277,0.8573479,0.99137485,0.6057061,0.3168931,0.3532459,0.98273075,0.9954771,0.37049186,0.90587384,0.28729963,0.17822683,0.6279652,0.26859063,0.4137237,0.18808162
0.7775658,0.82368785,0.5353385,0.598204,0.79648745,0.61347955,0.10509205,0.38603157,0.8533289,0.2649908,0.5550465,0.94535315,0.60498035,0.060594082,0.5850071,0.14263177,0.2148636,0.052255332,0.34569293,0.73018855
0.7494041,0.6708211,0.29217863,0.08570385,0.71646696,0.032182813,0.48681885,0.5003379,0.20752066,0.8844031,0.96350133,0.61684906,0.27914482,0.92105514,0.784604,0.4316274,0.3255703,0.059945583,0.6299363,0.7922393
0.71999085,0.71459997,0.73502153,0.44868106,0.70584255,0.020393431,0.72482896,0.85141206,0.4144289,0.26051074,0.9704039,0.98865974,0.5035922,0.2170825,0.34634715,0.24884474,0.5497677,0.8323993,0.2946397,0.49446565
0.057032287,0.4694726,0.09052563,0.5687259,0.24735713,0.6159941,0.35360235,0.47668928,0.50008786,0.36596406,0.8714807,0.7267999,0.40641725,0.35006452,0.92282796,0.12169409,0.96349007,0.9994739,0.33763635,0.71357507
0.9982235,0.13295329,0.7450905,0.2742008,0.97611576,0.82445014,0.38403487,0.61425155,0.9236543,0.32556725,0.7744335,0.23711109,0.26835734,0.060310185,0.3589157,0.22834873,0.7882682,0.45462877,0.9172293,0.099871755
0.4739017,0.7122938,0.8761981,0.33412635,0.8360545,0.1916362,0.6156876,0.13079184,0.20413059,0.95252764,0.20189154,0.0024498105,0.046686232,0.43682706,0.62254846,0.8287434,0.28792465,0.7018523,0.80759335,0.45983255
0.166771,0.85528964,0.3900072,0.1803698,0.3816809,0.70040834,0.4410889,0.6577571,0.65896016,0.48600954,0.30861998,0.76555115,0.1732654,0.15946108,0.33354294,0.4128263,0.39589936,0.78364515,0.38659024,0.40881002
0.7024962,0.30444002,0.26031685,0.5919236,0.11664361,0.33970177,0.45485747,0.21029162,0.82105535,0.9032357,0.04349518,0.8218128,0.8700458,0.6038122,0.78933823,0.02236861,0.87114394,0.59205896,0.04424095,0.7125054
0.5879804,0.9631286,0.047562897,0.96436065,0.6828428,0.16866142,0.8960342,0.06724012,0.8692929,0.007842958,0.536411,0.83107334,0.16800278,0.38451535,0.9735983,0.02859193,0.741862,0.23689026,0.07463133,0.8507189
0.059790134,0.7273914,0.18714309,0.8947498,0.52839226,0.7647656,0.023417056,0.07873601,0.9544873,0.2764873,0.396047,0.9754123,0.21902734,0.32243413,0.5303806,0.06750423,0.31895745,0.7042989,0.20907259,0.9612809
0.9160501,0.8858444,0.98532504,0.9493094,0.57137626,0.45427412,0.52756757,0.70900476,0.39317304,0.71273756,0.30472678,0.27250296,0.84041303,0.7057973,0.16915172,0.957549,0.30467552,0.8119731,0.4720291,0.8833409
0.43115133,0.07843405,0.091036975,0.24876761,0.8519996,0.65377194,0.13475293,0.9269877,0.66491616,0.5639115,0.9007723,0.67963177,0.71876407,0.14384586,0.49911475,0.6179233,0.30881238,0.28639823,0.7294966,0.24049473
0.13463509,0.45251948,0.15026158,0.6477034,0.3015113,0.8263148,0.3247478,0.089938104,0.3043704,0.9686057,0.25037783,0.22067851,0.33212703,0.68547297,0.638403,0.25844556,0.47051698,0.672964,0.7753479,0.8258283
0.63333935,0.05186248,0.16012281,0.9597451,0.626351,0.5329358,0.9343836,0.15021127,0.811433,0.9725332,0.9170018,0.22010195,0.45613724,0.75643647,0.19504482,0.8455814,0.29502666,0.4466815,0.2797621,0.45983988
0.53979045,0.8853231,0.64428324,0.44071466,0.4341225,0.7026886,0.79060304,0.42465895,0.7176363,0.43452102,0.07293075,0.5660729,0.34297353,0.14001584,0.7921031,0.45659393,0.08769232,0.16619426,0.08327299,0.5052621
0.9192438,0.1440745,0.16208565,0.79321486,0.99847895,0.90141344,0.62890685,0.6786635,0.73672456,0.27874112,0.485857,0.96333957,0.16106874,0.99747664,0.5801616,0.044915736,0.006507635,0.65036464,0.2897948,0.5544619
0.24854612,0.14441979,0.8824145,0.4549291,0.83029246,0.06872898,0.35894054,0.015121341,0.33399695,0.5092351,0.8895776,0.47816318,0.26153415,0.8166005,0.48742485,0.6743917,0.9375426,0.8284176,0.7485326,0.26991546
0.4913792,0.06588489,0.4069335,0.113591015,0.66732264,0.8282179,0.30673176,0.7984323,0.089199185,0.625279,0.111168206,0.7511003,0.74643624,0.5723226,0.15330058,0.43783128,0.4528771,0.06381959,0.05245322,0.33695787
0.6675712,0.93934834,0.07133764,0.89597887,0.54056376,0.9230212,0.8564126,0.17459172,0.12339419,0.36773717,0.518593,0.48699486,0.059147954,0.23173308,0.16171324,0.8524466,0.13342446,0.59925085,0.68171245,0.9002005
0.43650836,0.29893625,0.052464962,0.7139899,0.08980024,0.8405318,0.6216713,0.26590437,0.67969495,0.41497856,0.4916433,0.64765036,0.19834971,0.3425365,0.57784,0.663236,0.8155553,0.4058799,0.58490956,0.0630191
0.22833806,0.3215521,0.09346366,0.08475095,0.6623621,0.15251088,0.98268735,0.73937106,0.7991255,0.8860665,0.8971422,0.90559393,0.6772199,0.55120015,0.60299534,0.25902146,0.91108865,0.89393187,0.8915645,0.8706256
0.3916793,0.059282422,0.7310473,0.020121574,0.8106087,0.32125944,0.452851,0.689128,0.29001075,0.6215854,0.25232518,0.85560334,0.6931933,0.4917342,0.1363945,0.3517769,0.5342792,0.52158725,0.26019716,0.058977127
0.95811796,0.87351614,0.3191855,0.5857851,0.44923478,0.9566106,0.8535935,0.20922834,0.7070342,0.22767776,0.16722286,0.10188192,0.6706375,0.111020386,0.22336674,0.68035966,0.06406075,0.9797816,0.75404024,0.67716116
0.38059026,0.2673359,0.57884395,0.06941426,0.13391995,0.22080642,0.18216318,0.14530653,0.004303932,0.27849627,0.3907888,0.96353084,0.5757391,0.6124605,0.4078135,0.15778029,0.09502596,0.22602767,0.49848115,0.55736166
0.60036707,0.90688735,0.41962296,0.9789062,0.7327833,0.12465143,0.2557274,0.6712282,0.7762733,0.5881165,0.57696414,0.58771414,0.9022455,0.60350037,0.7987939,0.1707288,0.12764144,0.5781956,0.9905331,0.38637495
0.7710301,0.8103225,0.494188,0.97514486,0.3344158,0.1292584,0.42048538,0.3617344,0.4915235,0.09768343,0.9802501,0.13172185,0.838908,0.048033178,0.8791318,0.5753657,0.41498685,0.45731664,0.29068524,0.6016589
0.70740056,0.64593285,0.66475886,0.7110336,0.37146986,0.22648865,0.36971724,0.9408645,0.01838106,0.7527088,0.5298878,0.63130325,0.28775185,0.7906069,0.19891298,0.52456534,0.81752765,0.67767096,0.69674706,0.8519169
0.46397382,0.14108658,0.26560068,0.3349461,0.7639318,0.17478204,0.21818954,0.60822207,0.2043888,0.91267055,0.10173708,0.8632613,0.99559057,0.8941268,0.72000897,0.25051475,0.52257717,0.36228722,0.89882725,0.9851317
0.9310924,0.5199266,0.3263514,0.15040398,0.21267903,0.3591891,0.85166687,0.56303376,0.92514515,0.23306668,0.97844917,0.93005705,0.3875599,0.5328938,0.36207545,0.68275654,0.466695,0.01577437,0.013487577,0.20979965
0.8227732,0.5503373,0.30131608,0.49294847,0.76366955,0.539405,0.16766673,0.027243912,0.03502512,0.18025184,0.5711095,0.67668015,0.5478388,0.57270783,0.3449543,0.7286094,0.3430118,0.28679252,0.735282,0.755512
0.34387994,0.5136577,0.96228874,0.19503558,0.1456067,0.29224628,0.17103708,0.33011168,0.17685544,0.3056813,0.28555107,0.5879622,0.48171717,0.43551344,0.6071842,0.6757937,0.047277987,0.08008671,0.6970678,0.3422839
0.5310216,0.9150948,0.77980065,0.07703376,0.03669244,0.3634696,0.94956326,0.9295232,0.24740046,0.7506682,0.88412654,0.93080056,0.025458097,0.529885,0.19153619,0.7095861,0.026983023,0.466065,0.2761888,0.049106658
0.7194803,0.3194273,0.13128924,0.016645849,0.24829894,0.6825197,0.28682786,0.73069954,0.72399896,0.804375,0.39209616,0.24923652,0.9381163,0.27733964,0.76729196,0.8028188,0.7403325,0.733883,0.906664,0.9922909
0.07670331,0.3734151,0.63652194,0.86031747,0.70593303,0.6678988,0.3804505,0.00832361,0.86355215,0.79148376,0.7395935,0.40690464,0.3706841,0.7928535,0.37280458,0.5908716,0.11982179,0.3868401,0.050436497,0.7564604
0.075659394,0.14555871,0.96592057,0.019866467,0.790821,0.25188988,0.7895326,0.23756093,0.08783215,0.09613466,0.7216854,0.7185102,0.15255928,0.66961926,0.34550285,0.51703113,0.53763163,0.26334107,0.5388725,0.98937047
0.45797443,0.54360855,0.086156726,0.3173915,0.4256038,0.4133017,0.87185806,0.51735187,0.8082258,0.9331266,0.14713663,0.13832927,0.6062805,0.43471205,0.37122387,0.30731744,0.3899482,0.116407275,0.47466195,0.71893543
0.0480507,0.059393525,0.5095588,0.20277315,0.5152022,0.002126038,0.73532116,0.37990743,0.2400583,0.4849826,0.7303035,0.09207362,0.60117775,0.23797804,0.40616083,0.030696511,0.61814106,0.23176408,0.5956569,0.44734114
0.9273784,0.99377143,0.9199362,0.6357771,0.02797234,0.6244679,0.18571919,0.9114521,0.1270346,0.53109485,0.5258578,0.95368904,0.6169224,0.16055882,0.15827823,0.5620703,0.11486083,0.47605985,0.9932663,0.44033647
0.81904584,0.011464834,0.7300931,0.3673138,0.94707936,0.627019,0.31953317,0.88499826,0.9305211,0.05817318,0.29138142,0.3478629,0.38196898,0.9453538,0.5073607,0.3032869,0.28740335,0.48960257,0.6962368,0.047573328
0.6596699,0.93821955,0.5080334,0.24141043,0.2447806,0.12131679,0.8541051,0.33174348,0.9232605,0.7510931,0.25670248,0.8356908,0.6654317,0.7476184,0.78602093,0.903113,0.51135135,0.2623369,0.356012,0.7456506
0.0010082722,0.6806908,0.7716418,0.6148103,0.38209367,0.7563719,0.0657689,0.49249482,0.53071094,0.9998067,0.20849288,0.20347583,0.40751153,0.80072606,0.79089296,0.3249401,0.7506795,0.18410385,0.101285696,0.37606114
0.21502268,0.8376716,0.27681756,0.66912013,0.88326377,0.46587926,0.20505226,0.2612878,0.25310147,0.8750958,0.6151264,0.13172346,0.11917448,0.630266,0.9359472,0.5836885,0.43552673,0.34304434,0.14791852,0.33033037
0.27853256,0.21342385,0.40489614,0.17337388,0.21896458,0.8394801,0.21274626,0.5682953,0.71969044,0.6819524,0.5214145,0.8032394,0.22589076,0.9526558,0.8775434,0.55005115,0.9351014,0.7102715,0.36779886,0.92856383
0.35968244,0.2845326,0.45259237,0.7954265,0.3658641,0.021888614,0.777572,0.8259932,0.49194396,0.5773614,0.87643635,0.36938673,0.5630441,0.6042076,0.17281073,0.4459713,0.8142378,0.054549456,0.6017495,0.18740386
0.5400235,0.30990386,0.21119034,0.562679,0.7815085,0.26125926,0.43725872,0.2358002,0.19544578,0.9868007,0.06187451,0.94253767,0.18934834,0.9388712,0.22351807,0.31310987,0.7814197,0.6189478,0.71004874,0.8456173
0.9885924,0.3968205,0.23652363,0.7145999,0.61049,0.24327505,0.8346172,0.017352581,0.5995973,0.5043724,0.5986716,0.9408268,0.72166884,0.10429162,0.5117328,0.60172874,0.024374068,0.62127465,0.31310058,0.7401545
0.401183,0.9229044,0.72127277,0.00776124,0.47084767,0.081373096,0.88750297,0.882805,0.3988045,0.16151673,0.9108707,0.21976525,0.3700086,0.54595494,0.9738843,0.004418552,0.9137747,0.99662673,0.87788683,0.1370455
0.746392,0.2946713,0.62764186,0.044754267,0.8274889,0.89636016,0.09251529,0.8758093,0.6901433,0.17351866,0.45875162,0.439399,0.21063167,0.7550453,0.30327433,0.7941389,0.41483265,0.88147765,0.4099368,0.16182464
0.34752584,0.32939106,0.96936,0.61972344,0.50236005,0.09235728,0.7353099,0.7503246,0.26527363,0.580341,0.8060936,0.9479678,0.75009435,0.36854166,0.6264444,0.45962363,0.46510768,0.022419512,0.23580074,0.73111194
0.9313972,0.08563244,0.4635055,0.8054331,0.870194,0.5586716,0.96379083,0.22422111,0.32101744,0.27476758,0.85179555,0.3307228,0.13250309,0.99249065,0.34330583,0.4991749,0.2774226,0.38169253,0.76005405,0.65044403
0.9598984,0.70238537,0.44861984,0.3833524,0.3449604,0.33295143,0.0070932508,0.8992488,0.51034176,0.8538085,0.49732238,0.17560184,0.4206888,0.79876345,0.26454407,0.966067,0.9484592,0.32416862,0.024234712,0.5988989
0.88366926,0.3413509,0.85382915,0.9614344,0.34557253,0.46432,0.5943508,0.19139892,0.13501143,0.546431,0.1493637,0.8697784,0.6996306,0.35640305,0.7326017,0.53707683,0.4512112,0.93602306,0.28382856,0.13743627
0.22458398,0.8111579,0.65386254,0.78227675,0.58330494,0.99686855,0.82455385,0.06297523,0.7129856,0.15726018,0.8816643,0.24067056,0.99070644,0.86654305,0.7253632,0.99251676,0.77389604,0.07639325,0.34616196,0.35123795
0.5367041,0.45807832,0.40401602,0.73071766,0.47231245,0.13803315,0.7528643,0.3147242,0.033601046,0.7340378,0.060358167,0.9060293,0.38357753,0.19479036,0.16378391,0.31755966,0.9115218,0.83172554,0.38185316,0.083747745
0.8760289,0.2354281,0.37049055,0.4250629,0.1319508,0.96884567,0.6093952,0.38447994,0.73079973,0.25722396,0.09549171,0.9198761,0.5634703,0.44478625,0.6877836,0.30163795,0.28890866,0.3641984,0.8100307,0.20969796
0.16152829,0.54824674,0.43400925,0.9604786,0.64331824,0.79736924,0.13953418,0.729383,0.5157633,0.49547416,0.14639115,0.70074815,0.75652254,0.55558276,0.69766665,0.30690753,0.323143,0.9377105,0.9635841,0.13523513
0.2374404,0.6329003,0.88011765,0.42669642,0.074636936,0.6074929,0.95948744,0.070268035,0.969983,0.506747,0.9381088,0.34047848,0.98338985,0.39344192,0.9607946,0.99287796,0.67262197,0.9044063,0.4784376,0.7765533
0.008575976,0.4517343,0.5845692,0.42716396,0.6390942,0.6459678,0.2739073,0.3323685,0.05630231,0.021289647,0.17162412,0.146864,0.52352,0.3693623,0.4856125,0.9803628,0.34758747,0.0684886,0.14271367,0.8365558
0.57604283,0.09359723,0.90280414,0.37837923,0.38520646,0.7703154,0.28293705,0.7702374,0.5798037,0.19177836,0.6181471,0.5801648,0.544713,0.31256425,0.30942547,0.8898441,0.667041,0.12369311,0.9112456,0.09512526
0.85038275,0.7926232,0.71596116,0.23011684,0.5176173,0.94761235,0.085428536,0.53358215,0.5653445,0.24631089,0.57971513,0.14447922,0.13796145,0.02147901,0.4482156,0.38086534,0.30028725,0.31657547,0.6581019,0.104465365
0.524884,0.54295284,0.19785953,0.647265,0.16259998,0.40504318,0.10799062,0.5720967,0.28580785,0.01829809,0.4385457,0.63664836,0.80949503,0.878877,0.22708166,0.52458394,0.28948063,0.6155054,0.45167804,0.37319815
0.61093855,0.49469763,0.7114292,0.14637339,0.9550117,0.35301882,0.2632743,0.08151144,0.5375435,0.45911825,0.018684447,0.8455093,0.54661614,0.3882978,0.2283529,0.3506161,0.366189,0.84705406,0.04856938,0.18758827
0.89437735,0.017198741,0.5799983,0.07458621,0.59761876,0.9961158,0.5585771,0.6889427,0.5733633,0.6291565,0.41289645,0.7632165,0.840499,0.1867556,0.81109035,0.12776625,0.7091172,0.56798285,0.94413847,0.09067494
0.8035481,0.8829685,0.36333334,0.7970664,0.9345208,0.8397599,0.46951503,0.80671203,0.40482676,0.85719967,0.48174715,0.822146,0.7558361,0.17641926,0.68057054,0.4481089,0.2934776,0.34624535,0.5333623,0.09959465
0.013061821,0.8687188,0.07406199,0.42128456,0.2308265,0.8515893,0.3509828,0.6997591,0.2185272,0.799309,0.26075697,0.9637285,0.3084216,0.97979397,0.867589,0.5158237,0.42467797,0.0031436086,0.59457076,0.22234231
0.19273174,0.38281918,0.22396171,0.7260092,0.03677076,0.85549307,0.23303658,0.17075652,0.48275906,0.58013844,0.2953915,0.32914376,0.19894177,0.72394925,0.23032779,0.5825104,0.087079704,0.8176315,0.93847305,0.394782
0.12381649,0.56378365,0.16867036,0.8038886,0.01734364,0.71035516,0.98502475,0.046625614,0.32216305,0.19009948,0.57470864,0.99203295,0.019961953,0.9518569,0.03194368,0.76313794,0.8146867,0.59799445,0.14033234,0.8339699
0.08012426,0.12232524,0.68469685,0.1335212,0.39696294,0.81910247,0.1803832,0.18972552,0.61482835,0.64064616,0.9811871,0.6935594,0.5569808,0.31561756,0.43295783,0.42922568,0.83163345,0.43650585,0.033229053,0.66768503
0.6063436,0.3392985,0.21183044,0.6465605,0.65110993,0.374793,0.9054515,0.2582212,0.3008833,0.06319934,0.40213722,0.4193378,0.8578892,0.78289735,0.44084352,0.13953948,0.1000489,0.7636613,0.3719619,0.34571064
0.4845509,0.063753545,0.3692891,0.5854893,0.62417537,0.33348948,0.8020064,0.5021437,0.3923905,0.34974855,0.3549859,0.2746263,0.67325824,0.72920513,0.8260482,0.22406709,0.9995497,0.78180295,0.14449078,0.93464345
0.0017170906,0.25471866,0.018740237,0.6058323,0.40925676,0.3363098,0.70140296,0.099702835,0.30852693,0.8229428,0.16019088,0.18938148,0.7929701,0.6125015,0.31320482,0.86777836,0.8361708,0.8391596,0.12072331,0.48746544
0.34176552,0.4315092,0.7606526,0.42127818,0.8690987,0.8783262,0.22780222,0.10999471,0.57447624,0.86590815,0.41205108,0.4004628,0.3134604,0.7903815,0.9446815,0.59303004,0.30732852,0.23552471,0.88588446,0.20544398
0.3369223,0.9395824,0.90573275,0.705887,0.85415614,0.27964848,0.9177819,0.104528725,0.79183036,0.45181847,0.86698556,0.7172235,0.4164874,0.28071725,0.6705912,0.89215076,0.71702415,0.22041208,0.58177966,0.5897692
0.8452807,0.03200966,0.4111033,0.90814215,0.23824018,0.29280597,0.6156303,0.6025974,0.16480297,0.29760647,0.76737386,0.88302577,0.005526483,0.958047,0.7368599,0.5365112,0.4780087,0.44243914,0.6631828,0.6876084
0.5713846,0.7122885,0.5829804,0.12543869,0.79888463,0.43334597,0.77117467,0.21555537,0.64706177,0.2092315,0.44877785,0.82601434,0.58890057,0.8682198,0.12977451,0.23098004,0.27559286,0.8558147,0.8157306,0.42205584
0.7990944,0.14681858,0.31792736,0.6645363,0.6003031,0.9187079,0.07806665,0.56548744,0.7055159,0.9979489,0.3742327,0.2339651,0.9344013,0.98605984,0.5855855,0.49430293,0.6293186,0.9022008,0.83413833,0.57948786
0.35900223,0.5609199,0.06604773,0.32746083,0.40344352,0.36927587,0.4548437,0.80390084,0.96601015,0.89623773,0.07224667,0.69458055,0.18470728,0.35815704,0.6240522,0.12914014,0.6822045,0.5126392,0.7942811,0.6718926
0.9832222,0.63498884,0.0063185096,0.803646,0.7018067,0.7805269,0.9817783,0.457839,0.2747054,0.95926106,0.8697713,0.008549273,0.38698304,0.14620388,0.4335662,0.8344529,0.5328861,0.4498334,0.7442884,0.5257371
0.16529053,0.40494537,0.07367748,0.9348479,0.33541644,0.07912749,0.0075795054,0.88157845,0.42398614,0.0034661293,0.2338984,0.4408123,0.20132363,0.98803884,0.6589761,0.14857858,0.66380566,0.28857994,0.23617542,0.29881877
0.65316504,0.41283894,0.7657943,0.6762986,0.8704664,0.31435287,0.3779955,0.7057715,0.06258261,0.07119709,0.011193216,0.08361411,0.81534785,0.71701556,0.74004614,0.39680648,0.72132504,0.57432956,0.49835968,0.8576699
0.46495748,0.13142705,0.44381744,0.64040345,0.7474247,0.3443439,0.4879818,0.44360077,0.86017805,0.46026897,0.019139111,0.7513423,0.6565544,0.18087834,0.1878463,0.9576722,0.5177016,0.44898796,0.71008945,0.8602895
0.46024388,0.40910393,0.96683455,0.96385163,0.25662673,0.5957465,0.5215896,0.6898927,0.74871516,0.56644833,0.7016197,0.3290478,0.6655404,0.3121451,0.05925119,0.3230093,0.56461006,0.12987244,0.651659,0.70683306
0.8349803,0.5464049,0.28025937,0.8217261,0.04448247,0.22815156,0.0674904,0.72713625,0.8182957,0.7808077,0.961762,0.80390966,0.70328397,0.42620605,0.24000216,0.57593536,0.37960917,0.8108208,0.13665372,0.33703977
0.33833414,0.5439857,0.40947342,0.3272757,0.8758485,0.057061255,0.95575845,0.70126325,0.036407173,0.7671291,0.6515288,0.6439981,0.1295569,0.023527503,0.0009755492,0.8147953,0.83953816,0.53584987,0.5648924,0.07596791
0.5037392,0.1200763,0.41302747,0.5731456,0.8019805,0.19803256,0.23574877,0.5413913,0.6984244,0.9689878,0.28739595,0.3340968,0.7383697,0.6655358,0.25926328,0.40829104,0.4379456,0.2894314,0.542532,0.25490117
0.4721123,0.74054617,0.27200902,0.94758266,0.510418,0.865308,0.46375036,0.91396105,0.17209536,0.3920375,0.28807044,0.8054063,0.011888921,0.043536544,0.11313748,0.57973355,0.3768525,0.9811657,0.03340721,0.015348434
0.75776136,0.6952789,0.23451316,0.4150921,0.01387316,0.29281467,0.62865645,0.63795596,0.088710785,0.08302957,0.71058226,0.9148079,0.06311715,0.50897783,0.2361551,0.16744208,0.7690747,0.7269376,0.67822933,0.9562288
0.62319005,0.56351477,0.4322644,0.87825835,0.6883093,0.19593239,0.53378904,0.32547414,0.09774876,0.3075617,0.11373347,0.55111223,0.52044374,0.39721125,0.34120286,0.9855707,0.45311308,0.6891582,0.6626368,0.53774196
0.5029866,0.22807485,0.023423493,0.65643644,0.09644824,0.16579884,0.07663596,0.24555832,0.8806109,0.2988935,0.21130216,0.78836524,0.9991439,0.88470256,0.4917873,0.19051218,0.27555883,0.3827262,0.4008599,0.27797216
0.5340411,0.52676946,0.12194383,0.7210046,0.995809,0.27207482,0.4145193,0.16268992,0.022226036,0.892862,0.4718446,0.7282939,0.4702257,0.3211596,0.8894599,0.45801187,0.38670164,0.18587112,0.3080387,0.86356616
0.9213714,0.17412466,0.41077036,0.4428702,0.7447992,0.5347724,0.58626044,0.86157966,0.5247345,0.34882963,0.44441104,0.29064035,0.9711665,0.425058,0.98615676,0.74211866,0.41340184,0.7865254,0.14518589,0.074141145
0.37737894,0.985672,0.99517286,0.7604567,0.013417006,0.8802985,0.57616156,0.31611127,0.6324199,0.9308206,0.5024828,0.30162215,0.18240827,0.35817546,0.29194027,0.869041,0.62084174,0.17055333,0.33102733,0.633063
0.78869057,0.584511,0.25040406,0.5628907,0.5962613,0.39037436,0.1145677,0.8672126,0.55015963,0.6010873,0.21368206,0.08065212,0.8687422,0.634373,0.14560878,0.7496233,0.7333237,0.6844365,0.39189774,0.37671107
0.9105912,0.06704074,0.851446,0.16080898,0.9316669,0.91031134,0.019490123,0.19865859,0.8952091,0.34136558,0.070890665,0.41631025,0.017420113,0.25404304,0.4146163,0.14112294,0.76150256,0.6593499,0.24164933,0.38535988
0.9977074,0.1721456,0.68730646,0.88696355,0.1121788,0.74545556,0.24398392,0.2529049,0.37162453,0.36035883,0.1497429,0.7120718,0.5079203,0.19396812,0.7585434,0.23387635,0.13716972,0.4866044,0.7332308,0.33102775
0.3724174,0.91762125,0.12266117,0.35975415,0.77813625,0.94285226,0.070120335,0.5232083,0.95563996,0.36562377,0.54056793,0.130413,0.024322271,0.6975626,0.8928002,0.28087765,0.605569,0.9159466,0.3178962,0.20020074
0.7323804,0.6582461,0.72429746,0.23713386,0.33948272,0.10910106,0.48315352,0.3468035,0.07512015,0.5497147,0.9952021,0.80623156,0.7048383,0.93123364,0.822244,0.74165857,0.88777846,0.30428666,0.46320653,0.980257
0.7798591,0.89470476,0.7739971,0.24757081,0.16593522,0.5129124,0.7096452,0.2015292,0.16735637,0.08424711,0.7202941,0.36244482,0.3484441,0.17005855,0.4469123,0.42912543,0.34601128,0.6064205,0.47772682,0.67093134
0.85337293,0.91998965,0.7644817,0.16177982,0.8821293,0.8838379,0.20414811,0.07718527,0.7018248,0.65466845,0.19663405,0.23817301,0.56187266,0.66779244,0.18570334,0.8185424,0.4777276,0.5643141,0.30940026,0.013372481
0.17868572,0.79150605,0.4632601,0.11525452,0.6355596,0.53496915,0.96103287,0.4589563,0.21174496,0.7271759,0.03349811,0.9315124,0.07639718,0.8824826,0.94305485,0.41994655,0.7019341,0.75667304,0.48868614,0.85671663
0.8258574,0.037501037,0.63773257,0.49569726,0.63950115,0.34697294,0.5819469,0.68177426,0.019666612,0.47795832,0.28055876,0.46704882,0.46387213,0.85967606,0.15186805,0.97166455,0.33074903,0.6540537,0.5828918,0.7804713
0.48012733,0.34386313,0.15153933,0.7532452,0.7982606,0.9562336,0.102391124,0.68533397,0.4121651,0.12279409,0.5045065,0.6673361,0.8300937,0.81981444,0.69990057,0.75316066,0.10475534,0.33260524,0.9529023,0.77614677
0.49706793,0.73475516,0.8556942,0.72397155,0.35208338,0.373672,0.5887698,0.99632436,0.09614289,0.8428471,0.0035108924,0.2951219,0.2840764,0.19061285,0.038220167,0.019963682,0.9735912,0.23516393,0.11038941,0.27022737
0.09713125,0.7746986,0.15108424,0.34151697,0.81477153,0.30864727,0.5991508,0.60326165,0.7719776,0.2991798,0.465913,0.5826256,0.8780844,0.18760419,0.48316008,0.66440934,0.41166902,0.5389654,0.03128928,0.12447262
0.9550572,0.14214784,0.7527229,0.12078667,0.83856064,0.53350776,0.96812165,0.95849836,0.25209683,0.6168985,0.8169748,0.853963,0.6211208,0.78041124,0.0792529,0.68353516,0.067258,0.8308891,0.31456178,0.7078536
0.93998224,0.466707,0.06680989,0.4491278,0.5901945,0.9879042,0.4033507,0.37631255,0.12203193,0.85058063,0.22504294,0.05000031,0.380812,0.8992585,0.6776671,0.20098448,0.7216283,0.43847692,0.5971486,0.12799788
0.53110766,0.7459005,0.0016873479,0.25263017,0.57289684,0.5006728,0.2777654,0.14730889,0.32332754,0.23775893,0.24654335,0.009230554,0.8247194,0.6011459,0.23201764,0.79537576,0.7380709,0.16717172,0.6929706,0.039749205
0.6237879,0.83636206,0.5199181,0.52195305,0.1328106,0.3356561,0.53905505,0.90880543,0.47025162,0.9837938,0.28229064,0.2423026,0.74061745,0.048465967,0.19269687,0.12116438,0.55884016,0.58423805,0.30566347,0.1502878
0.44429457,0.6074943,0.801081,0.032783866,0.18242687,0.50421345,0.55186105,0.35681754,0.6860425,0.18395662,0.581893,0.004521668,0.018172503,0.04148966,0.7072453,0.99534076,0.33454955,0.22986501,0.07863599,0.7757302
0.68508136,0.66614574,0.64227265,0.9226197,0.68222815,0.55072945,0.16246247,0.51739115,0.20638257,0.59161156,0.46776557,0.31224543,0.49065453,0.9938194,0.9716982,0.3547958,0.1405226,0.663623,0.8014587,0.7937423
0.97026247,0.21765894,0.88213795,0.3745088,0.32612944,0.029073536,0.07200509,0.81236714,0.6060622,0.37919992,0.38563365,0.8513737,0.013206959,0.6108015,0.94444966,0.049675405,0.31348586,0.75374484,0.4278962,0.9493982
0.3310331,0.037162423,0.7861107,0.7171979,0.8267727,0.76519454,0.47363853,0.14111292,0.29857147,0.938974,0.09169346,0.62239385,0.26199198,0.7269972,0.33120298,0.9093018,0.40932792,0.60455674,0.04060757,0.6901263
0.90748835,0.97491914,0.06497502,0.5674993,0.8337787,0.37339723,0.47064,0.20312679,0.4254523,0.30167294,0.84626925,0.8266998,0.98870534,0.9561586,0.32855064,0.50216895,0.13923013,0.0172742,0.110574365,0.6559972
0.5202277,0.37481266,0.9200705,0.88208675,0.769088,0.8260194,0.69511765,0.6154973,0.97268,0.8505937,0.77595896,0.62886125,0.39739454,0.8459467,0.5260597,0.19429749,0.27331728,0.40376168,0.16195238,0.35227937
0.10968071,0.71751744,0.07786268,0.9256177,0.45783883,0.4228903,0.16988635,0.5902006,0.17678958,0.69236445,0.6764273,0.781247,0.31552488,0.06619108,0.19161999,0.28817648,0.5054496,0.724985,0.40227014,0.6773467
0.04740292,0.45740867,0.8652227,0.009756565,0.045748293,0.15333039,0.34957385,0.2788325,0.4535731,0.22748226,0.39429092,0.1596446,0.9630544,0.6278841,0.65619415,0.35076076,0.35085177,0.3179379,0.40821755,0.67607677
0.13290447,0.23092467,0.68372697,0.61724395,0.562509,0.20389551,0.6243035,0.69497186,0.15246314,0.106986284,0.5240502,0.46502066,0.6602356,0.6595551,0.16736662,0.84514564,0.34926778,0.79780334,0.5405176,0.8086637
0.37534422,0.78659433,0.5427307,0.6538876,0.020023465,0.23105013,0.029367507,0.50929004,0.2140702,0.47784513,0.5453812,0.56488967,0.20709658,0.19782573,0.95870805,0.53988814,0.65251476,0.7580144,0.31319618,0.5543363
0.70770144,0.107477605,0.6305069,0.86533,0.85915816,0.28024173,0.5479751,0.6308349,0.45387536,0.8527784,0.47659117,0.8108993,0.6010491,0.109027624,0.9674586,0.6102819,0.15400523,0.020704865,0.7409107,0.7477785
0.35100126,0.108665586,0.04310453,0.5582086,0.41133875,0.8923587,0.74248195,0.22570711,0.6371703,0.6240562,0.4841175,0.6771698,0.40189737,0.29705817,0.15407068,0.5065243,0.065612614,0.55495995,0.062020123,0.4889779
0.115407765,0.65667033,0.5715677,0.13988036,0.2682637,0.16433161,0.6502193,0.84387916,0.4703256,0.35547167,0.54788184,0.25026459,0.5049114,0.7263799,0.24389613,0.5586785,0.5391495,0.7001421,0.763626,0.3785907
0.13117415,0.20257354,0.9592863,0.9172279,0.6919965,0.87752146,0.4339049,0.35885412,0.12547576,0.29632795,0.9313783,0.62558866,0.70976883,0.7316545,0.70582247,0.80255896,0.77121294,0.84091914,0.40110677,0.8490505
0.37176895,0.5633523,0.4876182,0.3063833,0.983898,0.16917509,0.88182753,0.2674458,0.16535479,0.9907128,0.3643477,0.7407782,0.5116619,0.861292,0.32804298,0.40621656,0.32262468,0.39657837,0.5176866,0.34523982
0.6577952,0.9806868,0.79730797,0.28273714,0.12015915,0.906071,0.53215635,0.3522566,0.60226345,0.70376354,0.09279841,0.05020964,0.52529323,0.22900659,0.2823074,0.9905317,0.14593482,0.051590204,0.7687899,0.5219793
0.083473146,0.34330297,0.45607215,0.19171232,0.60519946,0.5650737,0.1023792,0.5535115,0.17735177,0.7217911,0.07964748,0.6690408,0.76053536,0.010126531,0.11638552,0.99889684,0.157893,0.445409,0.958853,0.53913534
0.35706514,0.01137799,0.8860203,0.89605,0.57894385,0.18970376,0.41562122,0.27588397,0.24657744,0.24331802,0.964899,0.50141656,0.8381707,0.057074428,0.17867428,0.2826302,0.55514324,0.72416836,0.2840029,0.5005156
0.09554762,0.019019723,0.8816214,0.55727875,0.31778032,0.10921693,0.44671488,0.77271336,0.16369003,0.42473257,0.5753236,0.6524656,0.8662528,0.9224818,0.16745096,0.4909541,0.56007427,0.79729414,0.19248736,0.56912553
0.95934427,0.6745322,0.52918106,0.43465722,0.7548232,0.10091156,0.23107499,0.43339133,0.87892884,0.7425957,0.9594081,0.35559124,0.8511172,0.0765447,0.51894385,0.76753956,0.67689025,0.9483358,0.57173276,0.16714418
0.1324485,0.13216758,0.7471827,0.021480024,0.8758205,0.28710997,0.68527067,0.9327448,0.40209347,0.6884399,0.7734321,0.62254035,0.7370418,0.48710924,0.74178976,0.65264225,0.16729379,0.20326602,0.039375424,0.58421296
0.21196312,0.2950064,0.72744894,0.45303923,0.81216794,0.89853984,0.65717715,0.063832104,0.52069736,0.51873434,0.041327417,0.96442765,0.49887955,0.7005347,0.39971203,0.04576409,0.15230304,0.06319946,0.3955263,0.540519
0.79565096,0.9601242,0.009457648,0.90435565,0.573222,0.29370606,0.52626115,0.0037821531,0.091177404,0.3963644,0.06817049,0.68175244,0.6095838,0.9648469,0.68180496,0.17634118,0.7943439,0.9532504,0.1814887,0.2059449
0.90121806,0.97314596,0.6827379,0.9346949,0.54229057,0.9145446,0.2019195,0.97822356,0.88638496,0.47141063,0.45566094,0.64272976,0.14055789,0.41598588,0.56658,0.040174067,0.5479032,0.30024385,0.52609164,0.5720798
0.42231947,0.11291236,0.2690978,0.7506004,0.021821558,0.86651325,0.67939085,0.9974881,0.55947834,0.37290084,0.818953,0.14622289,0.31621253,0.9398627,0.21301591,0.8368136,0.16952956,0.8419018,0.6177989,0.013194144
0.9302568,0.9054603,0.37918025,0.06849098,0.15708965,0.06630343,0.17685473,0.40375066,0.9553388,0.42971206,0.48398775,0.37714487,0.4085359,0.026563704,0.6897458,0.59985733,0.95533556,0.605157,0.9051657,0.8744738
0.0061150193,0.40306818,0.70446944,0.017554939,0.9758914,0.03458029,0.8495858,0.66542345,0.9786817,0.58531356,0.720382,0.08747786,0.6072309,0.9886659,0.238137,0.9336187,0.06153977,0.394598,0.35224712,0.25907093
0.89989054,0.27968872,0.034753025,0.7506396,0.10747588,0.9015543,0.9139618,0.886935,0.08850944,0.98381186,0.12559026,0.37973118,0.8990882,0.031380653,0.36785132,0.37294817,0.8463707,0.8540579,0.6005634,0.15947592
0.15223545,0.31268775,0.12146044,0.44349825,0.8611346,0.3371771,0.81893265,0.005690336,0.29876965,0.56252986,0.3035453,0.34459764,0.8108074,0.46906996,0.25493747,0.19007957,0.5940288,0.05691713,0.06761938,0.6711236
0.8095108,0.9557839,0.9764772,0.86228824,0.7518403,0.8214349,0.3485257,0.027722657,0.36425167,0.1944955,0.10924518,0.8927621,0.49095678,0.9126426,0.709919,0.36940295,0.0739094,0.09370893,0.3299703,0.6345217
0.22757089,0.92834836,0.24707335,0.7481489,0.7646218,0.6795254,0.74380815,0.7526325,0.34317577,0.32641482,0.7694807,0.09211153,0.18252134,0.68987274,0.29193634,0.52825266,0.75544715,0.4193238,0.7266734,0.24750388
0.84527963,0.15393746,0.708292,0.9344022,0.15208358,0.6815105,0.59510523,0.12489009,0.73754233,0.6847267,0.26335275,0.73596096,0.06851506,0.9980956,0.2625692,0.77503216,0.29369628,0.44075513,0.89165854,0.80022424
0.8919114,0.5374621,0.31346637,0.43570268,0.46045595,0.6012119,0.38853008,0.15062994,0.0143892765,0.40741265,0.9255777,0.98610497,0.89596194,0.5172377,0.34487098,0.36317736,0.95785457,0.9730319,0.898333,0.19475418
0.7735561,0.00020009279,0.4442466,0.35444796,0.406213,0.97626543,0.024022222,0.33895206,0.9958738,0.00432235,0.6010809,0.51073843,0.5512844,0.922991,0.73703307,0.05701095,0.815436,0.91352683,0.68156046,0.64938956
0.061682463,0.6158352,0.18073297,0.2147851,0.86262214,0.039458513,0.35971868,0.60308355,0.8306054,0.4165982,0.71403,0.20367372,0.98184675,0.6902909,0.8597844,0.8013148,0.2566467,0.9156958,0.5581841,0.24423665
0.6560455,0.140427,0.047439635,0.5795124,0.26741332,0.24760902,0.67337745,0.5204359,0.5890374,0.5899012,0.21283418,0.32922846,0.5981245,0.346905,0.6856386,0.8174284,0.9872812,0.35240102,0.7964466,0.014436483
0.4783588,0.21813917,0.35741818,0.7528926,0.088110805,0.8338782,0.2573474,0.39046502,0.46322876,0.36942202,0.44665086,0.81015295,0.8933514,0.011678636,0.20182574,0.15083641,0.6163297,0.6818098,0.028773487,0.012059331
0.5636138,0.6426103,0.5935796,0.18008274,0.2641377,0.5473699,0.34475833,0.029242992,0.9028312,0.8406848,0.026095867,0.11586726,0.34430152,0.54123485,0.69157416,0.44789815,0.8749427,0.41246265,0.008668959,0.34676254
0.13314933,0.68978435,0.8127115,0.4995653,0.3106495,0.27729583,0.85612744,0.67142653,0.962041,0.44663715,0.4236322,0.7959747,0.85897493,0.34452713,0.22385043,0.97712874,0.7666995,0.66087884,0.14762783,0.20674968
0.7188615,0.94621646,0.6930237,0.5601136,0.6810417,0.969375,0.9979093,0.72113377,0.6080406,0.84240365,0.5122341,0.14104337,0.62669086,0.826438,0.016287208,0.16157669,0.97007316,0.8225099,0.555408,0.24423808
0.6140911,0.42506647,0.8593492,0.37737995,0.8489044,0.8401538,0.58091396,0.59338266,0.795121,0.49141985,0.55976933,0.04429674,0.26908177,0.54243964,0.96290565,0.94987637,0.5880089,0.8415757,0.97437084,0.5188218
0.96544987,0.5586012,0.8467363,0.90700936,0.53065217,0.7823547,0.09081799,0.27872074,0.949816,0.12270963,0.26493263,0.80420077,0.31821787,0.44464988,0.46494663,0.52467275,0.63378984,0.95890695,0.99313784,0.871646
0.78937024,0.04471165,0.0068790317,0.58953846,0.84346217,0.16884959,0.45909125,0.39812863,0.73493046,0.5088537,0.18326682,0.9816301,0.47521663,0.2776003,0.5136088,0.8808192,0.3086825,0.45192194,0.31858355,0.09526652
0.05669695,0.12603629,0.0407812,0.13231808,0.3977586,0.9828797,0.6129684,0.036684632,0.605782,0.83574927,0.6084563,0.33858246,0.4396633,0.49897695,0.92809474,0.77641845,0.4158368,0.80718964,0.20779687,0.37279356
0.02732122,0.4971552,0.62023187,0.969979,0.433366,0.59199,0.2933594,0.88699955,0.5057429,0.1298703,0.6452255,0.5977396,0.8005384,0.28748238,0.08620781,0.71666944,0.36371368,0.7924284,0.6859547,0.58123374
0.35551834,0.32322234,0.52856326,0.5955078,0.76791483,0.9140214,0.14457875,0.60258913,0.08905655,0.20025724,0.58529675,0.5621018,0.9699127,0.6371046,0.5176571,0.8700847,0.18054366,0.65797526,0.39636993,0.82395566
0.19392926,0.6304829,0.86755615,0.31737155,0.24700427,0.12894702,0.03753972,0.86777765,0.3635792,0.45028663,0.95634896,0.31879926,0.96037763,0.893556,0.6297993,0.07307184,0.8749398,0.80105567,0.8231116,0.06742293
0.565151,0.13239938,0.93409705,0.06402683,0.9940779,0.8210238,0.8622152,0.09268695,0.89728785,0.86876124,0.62872726,0.31780696,0.7999471,0.6633376,0.1813013,0.37549233,0.51325965,0.61003107,0.43452328,0.6800731
0.38553238,0.46535343,0.49802935,0.12376046,0.34498733,0.21145809,0.8759877,0.23092574,0.23724997,0.6953322,0.038940728,0.3489532,0.62829787,0.8277916,0.6016085,0.36363858,0.26801902,0.9546917,0.8148552,0.08482748
0.5676233,0.50400454,0.93497366,0.9928814,0.66561717,0.3409267,0.5550772,0.026704192,0.27124554,0.9620027,0.99498314,0.35870123,0.4152727,0.19404167,0.9041293,0.04254204,0.29940468,0.721683,0.3120697,0.566063
0.82882357,0.41050845,0.33950222,0.35708332,0.63903373,0.8196869,0.22440308,0.37859422,0.885213,0.73347425,0.29885584,0.027300537,0.30531955,0.06978768,0.5358179,0.6736747,0.7254812,0.83857214,0.83004874,0.90744644
0.32138008,0.2694077,0.18221098,0.8377649,0.9163894,0.25812304,0.91130716,0.24945527,0.2879374,0.20731843,0.42454392,0.7720643,0.5533175,0.45082593,0.8213601,0.87675256,0.07318479,0.9131347,0.35634285,0.05963081
0.8257478,0.3294447,0.48104268,0.35053146,0.9018269,0.27670306,0.13361108,0.49233943,0.8160804,0.044017732,0.34461856,0.275038,0.27728647,0.23664355,0.81032366,0.31223756,0.73961914,0.08399737,0.94526696,0.88648325
0.1857441,0.04931587,0.11887318,0.05531609,0.77556074,0.29404908,0.86296654,0.012029469,0.6757269,0.49302405,0.7987851,0.6713259,0.4072131,0.005673468,0.96731716,0.44671154,0.25607347,0.6361088,0.9524118,0.5345811
0.64201033,0.016910493,0.6817096,0.8197154,0.7973168,0.26766902,0.29732078,0.2833761,0.6775603,0.96884626,0.60612005,0.13550943,0.37444544,0.47063208,0.84145457,0.91937035,0.62423056,0.18680644,0.08547652,0.10590106
0.5622943,0.6451557,0.48900414,0.07180089,0.9075003,0.24784344,0.033884883,0.02963084,0.9715253,0.26271445,0.966792,0.7927207,0.10834682,0.84316564,0.44148064,0.8725569,0.4768759,0.40469766,0.6278552,0.2869429
0.22265321,0.27470165,0.17662722,0.041033804,0.8731933,0.7350316,0.5278727,0.39940315,0.54668844,0.62474835,0.24705344,0.73139495,0.60209036,0.6907077,0.10291362,0.040236294,0.1857062,0.092212856,0.09509379,0.49036276
0.80796057,0.48903602,0.33394837,0.11257076,0.8679764,0.61963934,0.24495912,0.16141903,0.77863955,0.9096187,0.37463403,0.7912687,0.9991059,0.6097978,0.5857628,0.3178997,0.90739954,0.684627,0.60196173,0.25684375
0.37491304,0.108061075,0.64877164,0.37018484,0.52391005,0.42647737,0.122590005,0.5245723,0.14354998,0.068308115,0.7864459,0.15970594,0.901804,0.509694,0.14620763,0.599855,0.117416024,0.7846863,0.53732616,0.8117131
0.49394584,0.75996447,0.9203128,0.38058776,0.4056304,0.53794986,0.852378,0.84294116,0.30545217,0.275742,0.52493215,0.9071545,0.28114337,0.2362231,0.97318923,0.29328197,0.4666925,0.70971876,0.6294384,0.0669778
0.33756065,0.7422966,0.090141535,0.11199081,0.058450937,0.4017232,0.62558794,0.012883306,0.5869184,0.35357022,0.4718848,0.99051195,0.35871542,0.1654123,0.16389883,0.1459586,0.103842735,0.5419114,0.22039187,0.6172401
0.9689312,0.6603152,0.94014937,0.4686572,0.09152889,0.3853312,0.09304845,0.18159336,0.9461574,0.24099588,0.8612944,0.32041442,0.4756965,0.9326939,0.73966545,0.19360727,0.9718741,0.9964136,0.83064544,0.029752254
0.7002731,0.05653435,0.5910687,0.3343923,0.5879296,0.21701127,0.8078787,0.65861684,0.81066394,0.6891129,0.6100386,0.078591764,0.3436247,0.077591896,0.5370449,0.87136227,0.13192272,0.41344398,0.41623592,0.72975045
0.86998856,0.07548106,0.1599735,0.17899376,0.6971699,0.8004878,0.23420405,0.40832597,0.70812774,0.44339234,0.6388361,0.8577903,0.8234836,0.664583,0.34606516,0.9536601,0.98007596,0.4532408,0.075178266,0.0696854
0.8421106,0.42648226,0.35759085,0.119229555,0.721548,0.27891284,0.262174,0.78782225,0.103954315,0.44330472,0.74340224,0.048243105,0.8144594,0.37262028,0.3435889,0.734294,0.014223635,0.09697509,0.8456031,0.30246687
0.52051675,0.7099554,0.21003807,0.14472234,0.6762642,0.0316211,0.59030646,0.93077683,0.4624591,0.50499624,0.5435756,0.2805978,0.29353553,0.10376614,0.63696814,0.9495963,0.73157483,0.09638542,0.48967803,0.277907
0.057267427,0.1603458,0.33329904,0.25929236,0.8782206,0.45355952,0.28657752,0.81432974,0.72164404,0.10050571,0.64540637,0.58513457,0.8315411,0.67374504,0.097742975,0.9432246,0.5984267,0.2292524,0.52202797,0.90447456
0.090955496,0.9749859,0.95122534,0.107513905,0.80689985,0.5300782,0.94166994,0.28825784,0.25694698,0.027780056,0.74332535,0.8909342,0.3730837,0.33735722,0.1432566,0.29396373,0.29524374,0.92300147,0.31639475,0.009422302
0.8463228,0.967574,0.321325,0.538873,0.48033917,0.9461857,0.993501,0.71003515,0.53208995,0.5883882,0.74511796,0.45959824,0.7219006,0.17262965,0.66759086,0.020880044,0.19837648,0.506583,0.7674813,0.06342077
0.50112945,0.73704475,0.3381188,0.11479795,0.9021263,0.7891623,0.98047465,0.7818525,0.5163238,0.94333196,0.3510816,0.57812136,0.45756716,0.2705574,0.4399302,0.24391794,0.69956684,0.76195955,0.18755168,0.8225441
0.9789605,0.74299324,0.52452034,0.9985768,0.82932633,0.28132552,0.68008864,0.9189975,0.6302088,0.25636274,0.28988945,0.7592903,0.76511323,0.27805418,0.24854022,0.6243303,0.08704859,0.8404247,0.35939676,0.006051421
0.61627984,0.8532645,0.35513282,0.60599524,0.9776002,0.3784244,0.1384359,0.97407144,0.7460931,0.12796885,0.28432977,0.117349565,0.5980852,0.803122,0.94269955,0.37472528,0.69379556,0.23259169,0.61427087,0.069336295
0.26289743,0.82270056,0.9401459,0.8028401,0.19569325,0.8291741,0.5429364,0.44559586,0.9600753,0.8197335,0.15346956,0.45846444,0.47980773,0.72705775,0.8777714,0.6108357,0.76561505,0.2177754,0.014146388,0.2117266
0.007933855,0.010979295,0.502544,0.61033833,0.52613574,0.727247,0.0509032,0.58449525,0.21992618,0.51139903,0.119684815,0.28374082,0.42012715,0.7583106,0.6038328,0.0029181838,0.08637738,0.5029281,0.023050308,0.22807407
0.2160818,0.16661239,0.80377233,0.37196726,0.55609834,0.3979494,0.71267545,0.6160072,0.07650787,0.45763898,0.7245536,0.3972301,0.87101597,0.33328635,0.16211104,0.7690165,0.71180993,0.26446342,0.5166138,0.1935274
0.3324474,0.28964126,0.47052592,0.57380646,0.12117785,0.13934267,0.9099638,0.85358286,0.58560234,0.48574054,0.7276126,0.14457172,0.6208849,0.14206612,0.08050048,0.83434683,0.9982314,0.7946391,0.65445745,0.32725716
0.112472534,0.06852156,0.25803816,0.855983,0.47972435,0.05213976,0.5560132,0.2711805,0.35039777,0.16468447,0.17496455,0.17592531,0.3268569,0.01767373,0.6679186,0.6206978,0.2607488,0.27996403,0.122770846,0.19152927
0.00379467,0.6547254,0.3400867,0.18287766,0.4483677,0.4032461,0.6532545,0.36983633,0.04286897,0.705087,0.84813064,0.97690004,0.34214604,0.047898173,0.3238417,0.524595,0.14521116,0.6513184,0.47130126,0.6904362
0.1317507,0.7854076,0.94805866,0.8096718,0.037051618,0.5501714,0.25329435,0.64101964,0.9581939,0.68529063,0.52370495,0.03283906,0.96736157,0.5401478,0.41616112,0.78579515,0.45050085,0.5122772,0.85629874,0.69173807
0.18104893,0.6977274,0.7834403,0.98233706,0.212493,0.43057168,0.27319813,0.48748523,0.73018,0.4676968,0.14415604,0.46957546,0.9386087,0.2122181,0.5490502,0.7513672,0.08180022,0.038558066,0.28749675,0.1577633
0.8653188,0.2347359,0.6999609,0.5440664,0.92597383,0.04428625,0.76709074,0.84124875,0.017279565,0.67208046,0.44288766,0.8683115,0.94792104,0.5788934,0.17542088,0.9943236,0.7201129,0.5729366,0.9565467,0.7087804
0.9237557,0.5293769,0.9353856,0.92061716,0.08092654,0.95054376,0.545223,0.7567692,0.41248327,0.6857075,0.9161713,0.3548205,0.3771392,0.8127663,0.7492469,0.9118624,0.0077139735,0.3196532,0.12644082,0.11727756
0.26834923,0.6066345,0.00040596724,0.4652381,0.039977968,0.74602944,0.029991865,0.49280876,0.67470896,0.3180974,0.48792034,0.5459474,0.5097877,0.8626026,0.8663778,0.8634209,0.11935729,0.0981639,0.65019417,0.7015039
0.044348836,0.2327823,0.88537616,0.30368423,0.51516503,0.34156805,0.057816744,0.23549724,0.07068735,0.013135731,0.17686903,0.7980444,0.29328638,0.32238448,0.9312448,0.2203399,0.060986042,0.88280195,0.7203269,0.68127793
0.37540275,0.23350543,0.81539845,0.027948081,0.7011177,0.8889903,0.6848722,0.18065,0.80354685,0.67254543,0.17659813,0.099244475,0.13096935,0.92988825,0.5438964,0.23950326,0.048590124,0.9862175,0.27117354,0.3719285
0.34308994,0.5075756,0.43637574,0.6314698,0.842513,0.53798795,0.62779063,0.58583647,0.5702534,0.3778934,0.4146204,0.58908707,0.5638551,0.91367847,0.42989206,0.848948,0.5299455,0.43039453,0.054160833,0.045427382
0.73457056,0.2509213,0.0902763,0.73015386,0.6330811,0.8358215,0.2567439,0.91178393,0.2678432,0.902568,0.26198184,0.49356395,0.16300708,0.29105633,0.55005044,0.07651979,0.5222511,0.6344034,0.026296973,0.04486215
0.7461178,0.7045224,0.92930055,0.70241797,0.94626534,0.3098355,0.12736541,0.55326235,0.70105094,0.8057559,0.35980207,0.10829663,0.9536522,0.7673805,0.572098,0.3198942,0.32264698,0.367396,0.81695896,0.029419184
0.39843935,0.35873222,0.034722984,0.9132211,0.4331807,0.5862404,0.9152258,0.52214146,0.9475119,0.53203285,0.13471538,0.68092173,0.2985624,0.29418057,0.5964543,0.44202256,0.16813958,0.74271315,0.80423975,0.14469725
0.9867666,0.5119944,0.4715582,0.41085005,0.47447652,0.37281156,0.2033096,0.48662096,0.4555695,0.3727125,0.99499303,0.52078485,0.60941863,0.88062984,0.97088766,0.6659704,0.5975574,0.5390271,0.15022045,0.40610266
0.69861627,0.3483895,0.014442623,0.5693058,0.88950086,0.03977835,0.48346663,0.13519883,0.11209071,0.5809268,0.76124156,0.9068108,0.523028,0.578299,0.72792166,0.94808996,0.78284955,0.8366602,0.28424448,0.8618407
0.49984318,0.39932156,0.870478,0.18546873,0.26842916,0.81324416,0.20219362,0.67278373,0.6640137,0.29904968,0.86979556,0.02012366,0.26725638,0.56685144,0.2616018,0.64840215,0.64075726,0.2867102,0.23069543,0.6038354
0.007795036,0.6468073,0.5366478,0.6428806,0.9828135,0.11880505,0.8677603,0.4901079,0.23789722,0.058144987,0.4290508,0.6255178,0.14282513,0.823972,0.18301046,0.98843884,0.2827688,0.12558615,0.66395044,0.0042611957
0.09498662,0.07682246,0.43164617,0.42623007,0.5266034,0.18042123,0.66885513,0.40735424,0.5590731,0.2680518,0.28713065,0.01981318,0.36491704,0.664921,0.54047984,0.4993291,0.96952605,0.63049674,0.69820625,0.17971641
0.40232605,0.010313809,0.41453427,0.44786227,0.41485685,0.044020474,0.7848122,0.739774,0.5651883,0.1044839,0.59950584,0.87247396,0.90976834,0.17689568,0.64656657,0.585322,0.18294549,0.13395876,0.57405156,0.70115
0.56634706,0.15129554,0.98840684,0.09190142,0.19763988,0.58792025,0.939595,0.18799645,0.22439581,0.5314961,0.07916945,0.8412271,0.04524362,0.21103609,0.42879438,0.59642816,0.20073605,0.7413272,0.59965473,0.5617277
0.045623124,0.9139724,0.32762098,0.68086416,0.9902844,0.71005225,0.1930542,0.08475882,0.20128804,0.7772814,0.6092491,0.8420542,0.64714915,0.14048916,0.81223816,0.30755073,0.79486716,0.5954054,0.2217623,0.514248
0.77524847,0.40566826,0.7000431,0.91521996,0.57954514,0.8645502,0.19374043,0.7960692,0.5179926,0.7997029,0.7178336,0.39566857,0.9083307,0.34746826,0.5603255,0.06841469,0.0012584329,0.28250128,0.39128214,0.95539135
0.14372557,0.41235608,0.2786249,0.72660464,0.06560552,0.3428138,0.7501532,0.70002884,0.43386847,0.7403814,0.3530137,0.55390584,0.9582201,0.39622134,0.46598548,0.66349477,0.19612819,0.049755037,0.96563315,0.507232
0.21041948,0.28069574,0.25217354,0.36222315,0.92144287,0.12101388,0.5461152,0.975439,0.48472804,0.21964711,0.104886115,0.4937222,0.91987187,0.802151,0.75626725,0.02415812,0.9106851,0.64821565,0.12514085,0.4657874
0.55185634,0.29992497,0.27355617,0.35298896,0.96223146,0.92488384,0.57752776,0.51684326,0.4075083,0.16499043,0.7751744,0.07041019,0.031177878,0.8145898,0.444283,0.6015553,0.92357796,0.3100369,0.79953384,0.43387932
0.60578334,0.2025984,0.42292416,0.51097745,0.99464244,0.03919369,0.5053236,0.67350656,0.92711943,0.91129494,0.11313099,0.108560145,0.10803366,0.2551679,0.29662573,0.6319713,0.7586119,0.6202436,0.9841876,0.6319261
0.70514464,0.779943,0.22084367,0.89288795,0.67050296,0.6483107,0.37318814,0.6561938,0.32459682,0.8010598,0.77451813,0.44582647,0.43009603,0.19175702,0.0032730103,0.5803293,0.6360758,0.47373354,0.0656091,0.8409058
0.91445047,0.6684028,0.3335296,0.9960066,0.08366358,0.13588482,0.4504395,0.11249924,0.41778582,0.14930022,0.26277947,0.28600734,0.22899377,0.8529836,0.388825,0.09458238,0.06355977,0.23290437,0.32508832,0.8413234
0.9291117,0.63841873,0.6650121,0.34968555,0.3166477,0.75801986,0.48399293,0.9215796,0.6761415,0.41756505,0.37139702,0.93172336,0.39205468,0.51064694,0.2075938,0.49259996,0.1223582,0.8834658,0.36676562,0.9047753
0.29951578,0.020707667,0.554218,0.034846723,0.80013496,0.973666,0.11883092,0.03649801,0.45404035,0.33040285,0.52534527,0.7983102,0.0768823,0.36276072,0.47284025,0.35967803,0.11449611,0.489846,0.24959177,0.006190181
0.21570957,0.26913148,0.38978344,0.7725848,0.0006452203,0.100295484,0.65324944,0.2253474,0.46078753,0.54188365,0.6970628,0.90219,0.23969853,0.509858,0.46182096,0.06776142,0.48428208,0.36859822,0.23897743,0.020967841
0.18026137,0.27080566,0.1083197,0.9434248,0.16305739,0.9641065,0.56135815,0.12012887,0.62179947,0.51234084,0.80299413,0.8368885,0.003482163,0.11243212,0.40911925,0.23381317,0.84554136,0.2738886,0.9082779,0.8064421
0.21786505,0.049792826,0.27640152,0.916177,0.33183384,0.028091013,0.6133194,0.06934929,0.71085167,0.99523884,0.63235897,0.673386,0.74572396,0.34609377,0.73216176,0.9905933,0.28839606,0.41223007,0.7370515,0.5363774
0.0198251,0.7205146,0.8896196,0.87109697,0.3260848,0.7259243,0.6003627,0.65404755,0.9681011,0.66519296,0.29294658,0.63703614,0.4344523,0.25954777,0.9518774,0.77355367,0.5732618,0.7061577,0.87369233,0.10503173
0.0021461248,0.7757734,0.6988476,0.9249679,0.1515485,0.11379588,0.20860285,0.7029544,0.8231199,0.8436049,0.7148589,0.8949161,0.78882855,0.63274854,0.6510741,0.112977505,0.112308204,0.9054885,0.3506146,0.82308877
0.08499777,0.9647469,0.3490485,0.98037255,0.5388933,0.5663729,0.33134228,0.2915262,0.0031369328,0.95096713,0.5871233,0.6765964,0.16538465,0.29463285,0.2871477,0.73181385,0.4930492,0.78167933,0.94903314,0.8555759
0.58016455,0.2647975,0.15498579,0.32003403,0.4127227,0.0485245,0.9963674,0.75776947,0.6645802,0.29982597,0.49337363,0.71212363,0.41063488,0.6220209,0.9166181,0.16780269,0.69262826,0.15070945,0.65843636,0.9253107
0.5679472,0.30137157,0.0049465895,0.27380234,0.793226,0.6777744,0.22343332,0.15160787,0.9531697,0.032102346,0.46196884,0.9235061,0.55117196,0.708665,0.16616154,0.9199968,0.23843032,0.08958304,0.028992832,0.797786
0.93562764,0.9218596,0.5464868,0.035866678,0.854179,0.5854186,0.053957283,0.41537625,0.6778274,0.7383539,0.6350305,0.17403358,0.54530644,0.9783522,0.42466092,0.14570338,0.9592738,0.06806052,0.7822738,0.30947196
0.85285854,0.49719405,0.98691684,0.55954057,0.6663296,0.0676468,0.06463647,0.95100474,0.64186585,0.62485313,0.099803984,0.70052934,0.8971268,0.17748082,0.48185968,0.5111509,0.25757837,0.082600534,0.29726648,0.78527135
0.6946097,0.0071493983,0.077215314,0.980539,0.5494636,0.3517322,0.21532983,0.950391,0.19187772,0.18569314,0.36301666,0.23936051,0.5080099,0.8085048,0.48107082,0.4214462,0.40113604,0.37180758,0.31431854,0.02302277
0.4035188,0.5521624,0.04718113,0.6630176,0.830213,0.044074774,0.72876316,0.6332818,0.7908539,0.2769211,0.90002614,0.7856176,0.0009777546,0.77304006,0.932762,0.5863816,0.5550799,0.97714204,0.25265175,0.84507954
0.04870516,0.23573917,0.14882839,0.16086596,0.68869704,0.035267532,0.5394239,0.5783399,0.6304805,0.0419057,0.20042074,0.66663307,0.45527387,0.29688877,0.3017364,0.46319836,0.3919145,0.18352401,0.71424925,0.47462833
0.036407948,0.09803867,0.22351146,0.56124455,0.036990225,0.87180036,0.4828264,0.21964175,0.021023571,0.25208867,0.118222594,0.6175541,0.7591952,0.6745812,0.83908397,0.5594104,0.8406438,0.45875484,0.6038622,0.73043156
0.04144287,0.087762535,0.97975695,0.49061388,0.7114605,0.031460166,0.41569942,0.7060034,0.2592079,0.8558684,0.1794827,0.9645309,0.64170516,0.13772446,0.25133306,0.9356004,0.27431118,0.3345847,0.57754666,0.6292233
0.5637933,0.82422376,0.8345428,0.9829468,0.64196825,0.22637343,0.03234917,0.90680563,0.2639925,0.91341025,0.7866938,0.21976388,0.5567709,0.7030822,0.07653278,0.25133878,0.8667162,0.9715229,0.7519043,0.9944623
0.47984773,0.74348366,0.6945536,0.27307838,0.3167367,0.36435127,0.22963452,0.29187906,0.14463627,0.12895322,0.06413764,0.71174747,0.8192145,0.4902438,0.17070282,0.9809055,0.6090552,0.46212274,0.7053705,0.6887608
0.28541207,0.76224965,7.43866e-05,0.05258757,0.3776536,0.2558862,0.8411746,0.32753325,0.87689626,0.9363295,0.83318454,0.045711935,0.547904,0.83842915,0.94107825,0.5779622,0.22025305,0.9377933,0.6351707,0.200558
0.32262087,0.95473444,0.4296803,0.54689974,0.9001354,0.4866237,0.45488495,0.078951895,0.49631226,0.47635734,0.9876735,0.22365075,0.9532443,0.95752215,0.86605144,0.12795508,0.778711,0.6192343,0.09901011,0.61221737
0.2616008,0.3290559,0.07122475,0.2777269,0.5128412,0.7329281,0.17266172,0.28033704,0.1900686,0.1817115,0.5692055,0.93507546,0.78581387,0.8228542,0.4148932,0.7165051,0.48323935,0.6655995,0.71580446,0.31425738
0.6184802,0.95640785,0.8601775,0.35838592,0.3395434,0.15774024,0.5066081,0.044525206,0.09948057,0.55195,0.51605684,0.35423505,0.20896178,0.280501,0.5719921,0.5490409,0.40941048,0.9891382,0.5425273,0.8261419
0.8215301,0.4476741,0.35461366,0.0049611926,0.524913,0.33908033,0.39435685,0.7771984,0.49017692,0.70964456,0.4178694,0.09900731,0.97960585,0.19370705,0.58385795,0.28037494,0.63463575,0.0018908978,0.77900875,0.39257503
0.9941948,0.36745918,0.34280497,0.45829916,0.332138,0.36006075,0.87140256,0.8440794,0.026909411,0.60025305,0.6936919,0.924505,0.006284952,0.89892006,0.60703546,0.44825667,0.3303464,0.7308834,0.3103565,0.02443558
0.14784461,0.7941147,0.21990663,0.81154364,0.40416032,0.13385785,0.546372,0.4855373,0.23519456,0.68556833,0.15191633,0.8598125,0.7995355,0.109562635,0.36733794,0.6435627,0.86030847,0.8825467,0.9517741,0.8286119
0.90298766,0.69971174,0.74449503,0.48759484,0.6965918,0.9113124,0.519689,0.33627486,0.35811472,0.20475465,0.97454953,0.008364499,0.99995875,0.67034316,0.3549865,0.14535218,0.29455346,0.63071376,0.26286584,0.31478614
0.06717652,0.051751316,0.18855101,0.30023968,0.99677366,0.9955581,0.41525984,0.9051935,0.6160577,0.73990005,0.38667125,0.1931029,0.9629019,0.53285295,0.2511254,0.7164538,0.19307393,0.7278611,0.5216614,0.2513582
0.8028117,0.28077388,0.45618218,0.53083694,0.91532606,0.70455295,0.18876302,0.7813393,0.19561964,0.9267992,0.95510525,0.86502427,0.5266337,0.24290967,0.19078177,0.5989262,0.71223885,0.3773719,0.12589872,0.95729774
0.24834287,0.23014683,0.5031288,0.08719814,0.06801152,0.92917174,0.8372162,0.7721188,0.30123967,0.09873223,0.24961638,0.043661,0.82130355,0.10107499,0.5848079,0.5731702,0.61709803,0.52956384,0.18915921,0.03267944
0.9595484,0.4884749,0.49219894,0.70140517,0.18685097,0.92733645,0.9996796,0.049517274,0.88155186,0.20682925,0.8761955,0.36847126,0.50327224,0.3810367,0.8834704,0.26789343,0.18624783,0.31514716,0.44604045,0.7486523
0.8086837,0.4506696,0.47335488,0.5691788,0.14029199,0.72881514,0.06150043,0.13729805,0.85059994,0.46763587,0.1617136,0.8347865,0.39670473,0.5268717,0.64214265,0.6677968,0.46535045,0.040952206,0.27728558,0.9607638
0.14865375,0.4072289,0.6196955,0.012123764,0.22664458,0.42053473,0.5626597,0.35910082,0.44265622,0.9866258,0.25262707,0.080635786,0.2237612,0.016215682,0.5985114,0.42496568,0.562656,0.22380388,0.51950914,0.7886556
0.07089293,0.40003031,0.9252949,0.5471644,0.6665304,0.699499,0.45459908,0.5166222,0.2743731,0.26513326,0.38846636,0.9462662,0.87177986,0.892775,0.27837133,0.5504072,0.6211192,0.9639266,0.45892376,0.92926073
0.6600399,0.43818218,0.9654693,0.5600049,0.93543327,0.14275312,0.41825992,0.57528496,0.27291685,0.7072645,0.83761543,0.5737136,0.047786474,0.020878792,0.44944465,0.8527326,0.73124695,0.87186915,0.129915,0.69733864
0.011080086,0.93107647,0.95176965,0.15240782,0.27168328,0.4781013,0.1059708,0.40679377,0.4212703,0.25785106,0.81736434,0.72323483,0.8835524,0.39307046,0.052262604,0.5785094,0.5885607,0.123888254,0.11012435,0.21617562
0.18267888,0.13868576,0.059490085,0.17095959,0.5113725,0.083990216,0.92208827,0.862192,0.31242907,0.37203223,0.21251184,0.53213483,0.3828647,0.8189306,0.7458409,0.26273817,0.6303247,0.93522733,0.07651329,0.0052404404
0.39552522,0.9697705,0.33585876,0.15969527,0.8298379,0.6533873,0.59207654,0.22505331,0.09609765,0.92793643,0.9997245,0.33856028,0.8145646,0.11433321,0.7315396,0.058145046,0.56180096,0.2585532,0.3168558,0.41984165
0.43927348,0.107045054,0.5332744,0.09640837,0.2261576,0.40684664,0.58841157,0.6336209,0.9703896,0.1611138,0.42695147,0.7717649,0.572344,0.43437672,0.88444716,0.24336445,0.617076,0.47814828,0.90060806,0.22237378
0.43932122,0.79314554,0.25490236,0.00018310547,0.06800759,0.7916693,0.25794983,0.91155696,0.49126518,0.51995176,0.09423673,0.13990343,0.9397062,0.3230976,0.6850535,0.6647289,0.13997215,0.49767584,0.2788748,0.008433044
0.51570964,0.11929566,0.6693267,0.8952155,0.17262173,0.8912054,0.38364685,0.5683552,0.19467598,0.30611318,0.43082088,0.7153523,0.12067032,0.5659952,0.7936831,0.7093969,0.7442523,0.35667807,0.041379392,0.06795019
0.29586875,0.42966306,0.6238599,0.8188477,0.43213737,0.92415404,0.6230648,0.57901764,0.39025277,0.6800908,0.807811,0.61343586,0.69784623,0.54601324,0.7493377,0.28536624,0.44289213,0.5823366,0.2704144,0.94162446
0.18936133,0.9858062,0.46192217,0.07028937,0.08248973,0.4834296,0.67545646,0.30260623,0.868478,0.8180353,0.96231586,0.09564918,0.58760697,0.4284923,0.81464666,0.7771199,0.34912127,0.47637552,0.049206913,0.25556016
0.96203476,0.9445967,0.811727,0.15375364,0.9894472,0.6707011,0.018724024,0.8077486,0.9488208,0.78282565,0.5786619,0.8465202,0.4727173,0.9334277,0.41473186,0.10764027,0.8000279,0.677172,0.5878192,0.28150886
0.34845394,0.25208145,0.6871241,0.9372603,0.16067553,0.4019487,0.2882945,0.7409759,0.51822495,0.9873323,0.0031170845,0.8728982,0.6977268,0.07821947,0.17046869,0.8077307,0.6156784,0.20892519,0.48615623,0.61474305
0.18406093,0.48819464,0.9679208,0.8026279,0.37130272,0.044234455,0.767806,0.16551435,0.9820324,0.105537534,0.8631457,0.6120806,0.42402846,0.020994306,0.2937541,0.99145573,0.10995823,0.18465072,0.41077667,0.78149986
0.14431208,0.89312464,0.9953569,0.9459914,0.14350915,0.9076637,0.01864624,0.866501,0.2419824,0.25533384,0.4219874,0.79593307,0.02450937,0.71088487,0.0839088,0.81976545,0.6239167,0.5000304,0.13290352,0.32070285
0.8501257,0.8510819,0.16242456,0.48334217,0.25609374,0.9920463,0.7125015,0.19591808,0.1512152,0.065381885,0.39083457,0.35036898,0.10593808,0.5010914,0.75168145,0.3968678,0.2678656,0.5114545,0.9748476,0.033429503
0.4281683,0.38303798,0.94909215,0.040730417,0.71327263,0.35267472,0.4473133,0.65832984,0.24657917,0.108161986,0.37743282,0.20298684,0.16434401,0.6935777,0.622208,0.47053707,0.40061533,0.17093652,0.88381296,0.7980592
0.4692179,0.89104503,0.5558512,0.7635233,0.656702,0.5459111,0.65240806,0.37398428,0.8417539,0.45463318,0.013255417,0.39293265,0.87689203,0.46118915,0.27903163,0.2897271,0.0014401674,0.9925984,0.5715031,0.45481563
0.37346727,0.049092352,0.89575493,0.92058074,0.7793693,0.83082557,0.32897705,0.93007493,0.13425899,0.56919825,0.15987372,0.2111857,0.18353647,0.68475926,0.8984116,0.87627846,0.23070711,0.41724092,0.46176118,0.68614995
0.20203185,0.44098133,0.014791608,0.14718199,0.8888837,0.9119069,0.981013,0.6167104,0.04229808,0.893507,0.77281016,0.67660326,0.48182958,0.2909382,0.78015506,0.028730035,0.10357201,0.3570441,0.29267424,0.69793457
0.59318066,0.777983,0.9137219,0.5339635,0.14233905,0.55205494,0.21213394,0.7258226,0.8977306,0.19741827,0.21119148,0.027997017,0.05999911,0.83009326,0.83762795,0.9405958,0.016251981,0.5999596,0.87451863,0.54747987
0.46550894,0.728246,0.4177779,0.44217765,0.26946175,0.40450805,0.28356546,0.56071615,0.43762392,0.30870378,0.8362014,0.023927987,0.36135423,0.47716123,0.8824234,0.36303467,0.5434857,0.8428125,0.31176966,0.4527743
0.7560733,0.13104314,0.09396726,0.5371953,0.9553137,0.20357728,0.67321056,0.35635442,0.860037,0.6953299,0.26641047,0.22545868,0.8705912,0.34749395,0.36258256,0.03628713,0.8889033,0.6905279,0.6707612,0.0026167035
0.96722686,0.9336129,0.5886684,0.44669712,0.172072,0.6306851,0.8994574,0.586884,0.7201336,0.6785708,0.6098393,0.2403717,0.5937695,0.91512775,0.61518544,0.010505557,0.55480707,0.027838469,0.23893434,0.68485016
0.0765391,0.682668,0.36658287,0.51563704,0.47199965,0.5225016,0.25338423,0.08732718,0.60205877,0.9678681,0.6353939,0.3400104,0.611442,0.3014468,0.13351303,0.7651583,0.37726307,0.6712192,0.67939824,0.34840822
0.75550914,0.17083561,0.019852757,0.62419295,0.543216,0.7310881,0.6035114,0.078366935,0.33304036,0.9421128,0.48132086,0.95183796,0.9152454,0.6336992,0.40742588,0.50646114,0.79555833,0.04113716,0.4676438,0.51689255
0.49873114,0.08747643,0.00382334,0.9365317,0.6767514,0.22353023,0.34523576,0.1268034,0.41623306,0.3254441,0.951918,0.38688642,0.2159453,0.96433854,0.008019149,0.9158144,0.68887186,0.36703032,0.031862736,0.9339612
0.8767379,0.3082683,0.73325723,0.3664537,0.63975906,0.54112065,0.60216266,0.18710673,0.14185393,0.22927874,0.29589474,0.23755628,0.14652234,0.48186052,0.98042995,0.7305962,0.80884075,0.6248722,0.8847451,0.8203353
0.4623834,0.8827023,0.90292484,0.8379752,0.19967675,0.15145487,0.11289668,0.33800465,0.5723895,0.43218094,0.09725231,0.08231288,0.29210162,0.8397008,0.29146653,0.77029276,0.62771267,0.31733167,0.6377727,0.21957791
0.8158717,0.7994984,0.8410968,0.5517643,0.5867201,0.37382424,0.3166656,0.8769868,0.13644552,0.89773256,0.9385045,0.26908463,0.21738452,0.61791927,0.99346316,0.1699456,0.81429154,0.5727158,0.81232727,0.957042
0.22264063,0.9950332,0.84233695,0.02439034,0.41070038,0.5083144,0.42417473,0.68260956,0.3396688,0.035388827,0.8164898,0.053901553,0.96516067,0.5782101,0.9516771,0.6256591,0.5384218,0.30236667,0.26423675,0.3717801
0.07492769,0.2996528,0.68627554,0.20800984,0.30395198,0.98461974,0.276749,0.8899876,0.86229104,0.81332207,0.9602897,0.8904075,0.8262077,0.49830335,0.20202667,0.87687105,0.40510648,0.7750324,0.32620472,0.27269644
0.3611622,0.010183513,0.40983194,0.31902766,0.95530236,0.8126003,0.35441887,0.80871564,0.22817826,0.64239925,0.4094255,0.43789423,0.1753754,0.284294,0.86785287,0.11674142,0.35257125,0.81113136,0.23025012,0.6026955
0.52045333,0.065009594,0.8272841,0.5031499,0.4985934,0.8893089,0.061202884,0.19992656,0.16419363,0.3256665,0.34841847,0.8116521,0.78243446,0.65303063,0.688489,0.06533849,0.16893595,0.7020253,0.2703392,0.37498945
0.27473122,0.8494223,0.49417847,0.9315941,0.802608,0.78727883,0.34177142,0.90092176,0.07610875,0.7005291,0.9078009,0.64492035,0.44878018,0.43143862,0.92143565,0.8127282,0.020185232,0.96024317,0.7531293,0.103069305
0.5090114,0.80141175,0.15520263,0.026433766,0.675197,0.68815,0.6464133,0.5866269,0.4716546,0.68044597,0.50123394,0.31623644,0.92723626,0.79643583,0.1349616,0.17310053,0.63114035,0.8421011,0.0068582296,0.13691849
0.14760196,0.042441428,0.8404822,0.92625886,0.104139626,0.45818305,0.40949327,0.8598776,0.4326837,0.9715703,0.9838051,0.5929711,0.2761885,0.41840804,0.84546775,0.91149616,0.021377623,0.017923772,0.15899825,0.29503483
0.92720234,0.22146922,0.115219414,0.07295531,0.7219213,0.30964857,0.92620605,0.9969847,0.061003923,0.33775407,0.9082834,0.17560339,0.46739107,0.20592219,0.13851452,0.4167654,0.6300696,0.52654785,0.49747157,0.017894149
0.70968133,0.30094552,0.09508449,0.9501397,0.11296034,0.5490001,0.4477269,0.57060117,0.52763397,0.53521645,0.389251,0.5893085,0.005298078,0.04545641,0.26255214,0.74298626,0.7809747,0.10105699,0.6036429,0.27627105
0.8101717,0.123600364,0.8208192,0.19381046,0.8681401,0.7221978,0.12129146,0.6015442,0.7276554,0.13808435,0.3388775,0.5029551,0.5883549,0.20685625,0.20684934,0.8868089,0.077292204,0.6445938,0.45078415,0.13537836
0.047771394,0.47247,0.24060649,0.6646716,0.34151363,0.6238867,0.92893296,0.2791556,0.295515,0.87194544,0.3290468,0.9594528,0.52451414,0.8416689,0.5281323,0.39954853,0.24500656,0.4037782,0.8823959,0.719818
0.0012898445,0.3779853,0.9587422,0.75762534,0.7396141,0.39188236,0.982598,0.570987,0.361265,0.5572966,0.1053496,0.034346223,0.22757673,0.022002757,0.544065,0.6689907,0.26168007,0.965309,0.35180378,0.9745849
0.08335382,0.2979747,0.21991962,0.84361446,0.75189734,0.19116032,0.15640402,0.08329326,0.98025256,0.06950009,0.6304407,0.59002656,0.10983908,0.16237015,0.95428914,0.11431527,0.2345205,0.8687237,0.14268947,0.44379187
0.46917397,0.52188224,0.47905362,0.34089535,0.4081412,0.86921823,0.047865212,0.6982571,0.59705013,0.81085986,0.8045841,0.06326866,0.56414,0.27097654,0.21990699,0.32816058,0.6687106,0.77318096,0.46559656,0.47877532
0.55543745,0.062129438,0.143659,0.8786235,0.9712966,0.92326087,0.4221334,0.5066126,0.1292026,0.2624191,0.24549615,0.05070722,0.4033224,0.2574497,0.18893194,0.25062746,0.57738113,0.745605,0.10810524,0.6427887
0.8060217,0.34579957,0.114456475,0.78545654,0.31866467,0.15645671,0.9743222,0.90275234,0.15565139,0.76241475,0.6241334,0.9923571,0.58626574,0.78940105,0.89923215,0.3157174,0.96233416,0.909029,0.5389329,0.4310602
0.9959679,0.59315425,0.8792396,0.3690006,0.27517176,0.16232246,0.3874159,0.68011224,0.14996916,0.31255138,0.55859804,0.34426707,0.95246583,0.054847717,0.4356708,0.98601675,0.14549088,0.19711417,0.42076707,0.7262118
0.77378017,0.1497693,0.05102843,0.93460155,0.18087053,0.37285113,0.6768466,0.9289874,0.4451822,0.36219418,0.24913037,0.3518635,0.014801145,0.2527153,0.011081219,0.89800274,0.35229373,0.17031729,0.14156443,0.053919375
0.26610482,0.23659271,0.8052033,0.047627985,0.7253985,0.6743134,0.788526,0.5077063,0.19720721,0.19343382,0.027034938,0.74673426,0.1974746,0.29806972,0.985824,0.51817447,0.56013167,0.7199278,0.16085613,0.031260848
0.97009104,0.57108,0.9335333,0.3100186,0.76247823,0.8137385,0.9446435,0.10542154,0.50996935,0.9277744,0.41831696,0.18212831,0.12959868,0.10803378,0.23680955,0.010171354,0.754155,0.0067176223,0.8163684,0.51113695
0.9542497,0.15065747,0.99014795,0.83562565,0.81324726,0.49427736,0.38344777,0.46518326,0.9943766,0.0036055446,0.5669835,0.5534203,0.8491617,0.22530109,0.84343415,0.015469909,0.8390057,0.8513241,0.8013756,0.5180561
0.22381586,0.5152498,0.9940368,0.96491045,0.43025446,0.22078794,0.24402982,0.5128337,0.9154264,0.7480956,0.36688805,0.15266126,0.70963895,0.9199191,0.40908033,0.28945082,0.9166956,0.24164224,0.35464615,0.33116108
0.49866474,0.53492236,0.9321742,0.6801437,0.39859575,0.9051342,0.9112936,0.8967939,0.5926107,0.9590968,0.84249,0.4476605,0.85436785,0.7454227,0.052839756,0.7592703,0.8496681,0.9838121,0.036707103,0.18811905
0.06283957,0.20823705,0.14284265,0.041024566,0.6155227,0.72684985,0.6970576,0.76377815,0.31957865,0.30243182,0.83373165,0.057487965,0.826681,0.87591165,0.28354174,0.83032495,0.28285742,0.0031109452,0.7858435,0.100341916
0.46394622,0.1490823,0.6649355,0.73312575,0.44588196,0.4411444,0.10392684,0.007210672,0.90497565,0.87764853,0.6044983,0.9923509,0.4233994,0.8046565,0.93999505,0.8067838,0.32312876,0.65766275,0.98544526,0.8350273
0.9057754,0.8308359,0.17501193,0.19613427,0.9068001,0.16081733,0.88627565,0.28615594,0.5823777,0.4036485,0.06689298,0.15803766,0.52221566,0.16362315,0.06898761,0.79478633,0.41112918,0.6032928,0.7372254,0.9099758
